run_persona;sucursal_nombre;nombre_cargo;fecha_inicio_cargo;fecha_termino_cargo
20227807-8;"Santiago Centro";Administrativo;2025-01-01;2025-05-20
14177217-1;"Santiago Centro";"Auxiliar de Aseo";2025-01-01;2025-08-30
15239062-9;"Santiago Centro";Salvavidas;2026-01-01;
15537181-1;"Santiago Centro";"Guardia de Seguridad";2025-03-01;
23333409-K;Providencia;Gerente;2025-07-01;
6149034-5;Providencia;Contador;2025-10-01;
7568205-0;"La Florida";"Técnico en Enfermería";2025-01-01;
22282708-6;"La Florida";"Auxiliar de Aseo";2025-01-01;
11361267-3;"La Florida";"Personal de Mantención";2025-02-01;
24183297-K;"La Florida";"Guardia de Seguridad";2025-01-01;
16034924-7;"Santa Cruz";Secretaria;2025-03-01;2025-09-15
