pago_id;run_socio_titular;nombre_socio_titular;anio_membresia;mes_cuota;fecha_vencimiento;monto_membresia;monto_adicionales;monto_total;estado_pago;fecha_pago;medio_pago;errores
13;10336757-5;"Claudio Barrera Ortiz";2025;1;05-01-25;25000;0;25000;pagado;02-01-25;tarjeta;"run_socio_titular no es valido"
14;10336757-5;"Claudio Barrera Ortiz";2025;2;05-02-25;25000;5000;30000;pagado;01-02-25;transferencia;"run_socio_titular no es valido"
15;10336757-5;"Claudio Barrera Ortiz";2025;3;05-03-25;25000;12000;37000;pagado;04-03-25;tarjeta;"run_socio_titular no es valido"
16;10336757-5;"Claudio Barrera Ortiz";2025;4;05-04-25;25000;5000;30000;pagado;03-04-25;transferencia;"run_socio_titular no es valido"
17;10336757-5;"Claudio Barrera Ortiz";2025;5;05-05-25;25000;0;25000;pagado;05-05-25;tarjeta;"run_socio_titular no es valido"
18;10336757-5;"Claudio Barrera Ortiz";2025;6;05-06-25;25000;5000;30000;pagado;01-06-25;transferencia;"run_socio_titular no es valido"
19;10336757-5;"Claudio Barrera Ortiz";2025;7;05-07-25;25000;0;25000;pagado;04-07-25;tarjeta;"run_socio_titular no es valido"
20;10336757-5;"Claudio Barrera Ortiz";2025;8;05-08-25;25000;5000;30000;pagado;02-08-25;transferencia;"run_socio_titular no es valido"
21;10336757-5;"Claudio Barrera Ortiz";2025;9;05-09-25;25000;12000;37000;pagado;04-09-25;tarjeta;"run_socio_titular no es valido"
22;10336757-5;"Claudio Barrera Ortiz";2025;10;05-10-25;25000;5000;30000;pagado;01-10-25;transferencia;"run_socio_titular no es valido"
23;10336757-5;"Claudio Barrera Ortiz";2025;11;05-11-25;25000;0;25000;pagado;04-11-25;tarjeta;"run_socio_titular no es valido"
24;10336757-5;"Claudio Barrera Ortiz";2025;12;05-12-25;25000;5000;30000;atrasado;;;"run_socio_titular no es valido"
37;6988932-3;"Felicia Quezada Fuentes";2025;1;05-01-25;25000;0;25000;pagado;03-01-25;tarjeta;"run_socio_titular no es valido"
38;6988932-3;"Felicia Quezada Fuentes";2025;2;05-02-25;25000;5000;30000;pagado;01-02-25;transferencia;"run_socio_titular no es valido"
39;6988932-3;"Felicia Quezada Fuentes";2025;3;05-03-25;25000;12000;37000;pagado;05-03-25;tarjeta;"run_socio_titular no es valido"
40;6988932-3;"Felicia Quezada Fuentes";2025;4;05-04-25;25000;5000;30000;pagado;02-04-25;transferencia;"run_socio_titular no es valido"
41;6988932-3;"Felicia Quezada Fuentes";2025;5;05-05-25;25000;0;25000;pagado;04-05-25;tarjeta;"run_socio_titular no es valido"
42;6988932-3;"Felicia Quezada Fuentes";2025;6;05-06-25;25000;5000;30000;pagado;01-06-25;transferencia;"run_socio_titular no es valido"
43;6988932-3;"Felicia Quezada Fuentes";2025;7;05-07-25;25000;0;25000;pagado;05-07-25;tarjeta;"run_socio_titular no es valido"
44;6988932-3;"Felicia Quezada Fuentes";2025;8;05-08-25;25000;5000;30000;pagado;03-08-25;transferencia;"run_socio_titular no es valido"
45;6988932-3;"Felicia Quezada Fuentes";2025;9;05-09-25;25000;12000;37000;pagado;05-09-25;tarjeta;"run_socio_titular no es valido"
46;6988932-3;"Felicia Quezada Fuentes";2025;10;05-10-25;25000;5000;30000;pagado;01-10-25;transferencia;"run_socio_titular no es valido"
47;6988932-3;"Felicia Quezada Fuentes";2025;11;05-11-25;25000;0;25000;pagado;05-11-25;tarjeta;"run_socio_titular no es valido"
48;6988932-3;"Felicia Quezada Fuentes";2025;12;05-12-25;25000;5000;30000;atrasado;;;"run_socio_titular no es valido"
49;8554458-8;"Javiera Mendez Fuentes";2025;1;05-01-25;25000;0;25000;pagado;04-01-25;transferencia;"run_socio_titular no es valido"
50;8554458-8;"Javiera Mendez Fuentes";2025;2;05-02-25;25000;5000;30000;pagado;05-02-25;tarjeta;"run_socio_titular no es valido"
51;8554458-8;"Javiera Mendez Fuentes";2025;3;05-03-25;25000;12000;37000;pagado;02-03-25;transferencia;"run_socio_titular no es valido"
52;8554458-8;"Javiera Mendez Fuentes";2025;4;05-04-25;25000;5000;30000;pagado;03-04-25;tarjeta;"run_socio_titular no es valido"
53;8554458-8;"Javiera Mendez Fuentes";2025;5;05-05-25;25000;0;25000;pagado;01-05-25;transferencia;"run_socio_titular no es valido"
54;8554458-8;"Javiera Mendez Fuentes";2025;6;05-06-25;25000;5000;30000;pagado;04-06-25;tarjeta;"run_socio_titular no es valido"
55;8554458-8;"Javiera Mendez Fuentes";2025;7;05-07-25;25000;0;25000;pagado;02-07-25;transferencia;"run_socio_titular no es valido"
56;8554458-8;"Javiera Mendez Fuentes";2025;8;05-08-25;25000;5000;30000;pagado;04-08-25;tarjeta;"run_socio_titular no es valido"
57;8554458-8;"Javiera Mendez Fuentes";2025;9;05-09-25;25000;12000;37000;pagado;01-09-25;transferencia;"run_socio_titular no es valido"
58;8554458-8;"Javiera Mendez Fuentes";2025;10;05-10-25;25000;5000;30000;pagado;04-10-25;tarjeta;"run_socio_titular no es valido"
59;8554458-8;"Javiera Mendez Fuentes";2025;11;05-11-25;25000;0;25000;atrasado;;;"run_socio_titular no es valido"
60;8554458-8;"Javiera Mendez Fuentes";2025;12;05-12-25;25000;5000;30000;atrasado;;;"run_socio_titular no es valido"
61;20484469-3;"Patricia Pardo Fuentes";2025;1;05-01-25;25000;0;25000;pagado;02-01-25;tarjeta;"run_socio_titular no es valido"
62;20484469-3;"Patricia Pardo Fuentes";2025;2;05-02-25;25000;5000;30000;pagado;01-02-25;transferencia;"run_socio_titular no es valido"
63;20484469-3;"Patricia Pardo Fuentes";2025;3;05-03-25;25000;12000;37000;pagado;04-03-25;tarjeta;"run_socio_titular no es valido"
64;20484469-3;"Patricia Pardo Fuentes";2025;4;05-04-25;25000;5000;30000;pagado;03-04-25;transferencia;"run_socio_titular no es valido"
65;20484469-3;"Patricia Pardo Fuentes";2025;5;05-05-25;25000;0;25000;pagado;05-05-25;tarjeta;"run_socio_titular no es valido"
66;20484469-3;"Patricia Pardo Fuentes";2025;6;05-06-25;25000;5000;30000;pagado;02-06-25;transferencia;"run_socio_titular no es valido"
67;20484469-3;"Patricia Pardo Fuentes";2025;7;05-07-25;25000;0;25000;pagado;04-07-25;tarjeta;"run_socio_titular no es valido"
68;20484469-3;"Patricia Pardo Fuentes";2025;8;05-08-25;25000;5000;30000;pagado;01-08-25;transferencia;"run_socio_titular no es valido"
69;20484469-3;"Patricia Pardo Fuentes";2025;9;05-09-25;25000;12000;37000;pagado;04-09-25;tarjeta;"run_socio_titular no es valido"
70;20484469-3;"Patricia Pardo Fuentes";2025;10;05-10-25;25000;5000;30000;pagado;02-10-25;transferencia;"run_socio_titular no es valido"
71;20484469-3;"Pedro Perez";2025;11;05-11-25;25000;0;25000;atrasado;;;"run_socio_titular no es valido"
72;20484469-3;"Patricia Pardo Fuentes";2025;12;05-12-25;25000;5000;30000;atrasado;;;"run_socio_titular no es valido"
109;9848362-5;"Ignacio Quezada Henriquez";2025;1;05-01-25;25000;0;25000;pagado;03-01-25;tarjeta;"run_socio_titular no es valido"
110;9848362-5;"Ignacio Quezada Henriquez";2025;2;05-02-25;25000;5000;30000;pagado;01-02-25;transferencia;"run_socio_titular no es valido"
111;9848362-5;"Ignacio Quezada Henriquez";2025;3;05-03-25;25000;12000;37000;pagado;05-03-25;tarjeta;"run_socio_titular no es valido"
112;9848362-5;"Ignacio Quezada Henriquez";2025;4;05-04-25;25000;5000;30000;pagado;02-04-25;transferencia;"run_socio_titular no es valido"
113;9848362-5;"Ignacio Quezada Henriquez";2025;5;05-05-25;25000;0;25000;pagado;04-05-25;tarjeta;"run_socio_titular no es valido"
114;9848362-5;"Ignacio Quezada Henriquez";2025;6;05-06-25;25000;5000;30000;pagado;01-06-25;transferencia;"run_socio_titular no es valido"
115;9848362-5;"Ignacio Quezada Henriquez";2025;7;05-07-25;25000;0;25000;pagado;05-07-25;tarjeta;"run_socio_titular no es valido"
116;9848362-5;"Ignacio Quezada Henriquez";2025;8;05-08-25;25000;5000;30000;pagado;03-08-25;transferencia;"run_socio_titular no es valido"
117;9848362-5;"Ignacio Quezada Henriquez";2025;9;05-09-25;25000;12000;37000;pagado;05-09-25;tarjeta;"run_socio_titular no es valido"
118;9848362-5;"Ignacio Quezada Henriquez";2025;10;05-10-25;25000;5000;30000;pagado;01-10-25;transferencia;"run_socio_titular no es valido"
119;9848362-5;"Ignacio Quezada Henriquez";2025;11;05-11-25;25000;0;25000;atrasado;;;"run_socio_titular no es valido"
120;9848362-5;"Ignacio Quezada Henriquez";2025;12;05-12-25;25000;5000;30000;atrasado;;;"run_socio_titular no es valido"
121;17608709-0;"Helena Jara Duarte";2025;1;05-01-25;25000;0;25000;pagado;04-01-25;transferencia;"run_socio_titular no es valido"
122;17608709-0;"Helena Jara Duarte";2025;2;05-02-25;25000;5000;30000;pagado;05-02-25;tarjeta;"run_socio_titular no es valido"
123;17608709-0;"Helena Jara Duarte";2025;3;05-03-25;25000;12000;37000;pagado;03-03-25;transferencia;"run_socio_titular no es valido"
124;17608709-0;"Helena Jara Duarte";2025;4;05-04-25;25000;5000;30000;pagado;03-04-25;tarjeta;"run_socio_titular no es valido"
125;17608709-0;"Sofia Silva";2025;5;05-05-25;25000;0;25000;pagado;01-05-25;transferencia;"run_socio_titular no es valido"
126;17608709-0;"Helena Jara Duarte";2025;6;05-06-25;25000;5000;30000;pagado;04-06-25;tarjeta;"run_socio_titular no es valido"
127;17608709-0;"Helena Jara Duarte";2025;7;05-07-25;25000;0;25000;pagado;02-07-25;transferencia;"run_socio_titular no es valido"
128;17608709-0;"Helena Jara Duarte";2025;8;05-08-25;25000;5000;30000;pagado;05-08-25;tarjeta;"run_socio_titular no es valido"
129;17608709-0;"Helena Jara Duarte";2025;9;05-09-25;25000;12000;37000;pagado;01-09-25;transferencia;"run_socio_titular no es valido"
130;17608709-0;"Helena Jara Duarte";2025;10;05-10-25;25000;5000;30000;pagado;04-10-25;tarjeta;"run_socio_titular no es valido"
131;17608709-0;"Helena Jara Duarte";2025;11;05-11-25;25000;0;25000;atrasado;;;"run_socio_titular no es valido"
132;17608709-0;"Helena Jara Duarte";2025;12;05-12-25;25000;5000;30000;atrasado;;;"run_socio_titular no es valido"
181;17862474-9;"Patricia Barrera Pardo";2025;1;05-01-25;25000;0;25000;pagado;03-01-25;tarjeta;"run_socio_titular no es valido"
182;17862474-9;"Patricia Barrera Pardo";2025;2;05-02-25;25000;5000;30000;pagado;01-02-25;transferencia;"run_socio_titular no es valido"
183;17862474-9;"Patricia Barrera Pardo";2025;3;05-03-25;25000;12000;37000;pagado;05-03-25;tarjeta;"run_socio_titular no es valido"
184;17862474-9;"Patricia Barrera Pardo";2025;4;05-04-25;25000;5000;30000;pagado;02-04-25;transferencia;"run_socio_titular no es valido"
185;17862474-9;"Patricia Barrera Pardo";2025;5;05-05-25;25000;0;25000;pagado;04-05-25;tarjeta;"run_socio_titular no es valido"
186;17862474-9;"Patricia Barrera Pardo";2025;6;05-06-25;25000;5000;30000;pagado;01-06-25;transferencia;"run_socio_titular no es valido"
187;17862474-9;"Patricia Barrera Pardo";2025;7;05-07-25;25000;0;25000;pagado;05-07-25;tarjeta;"run_socio_titular no es valido"
188;17862474-9;"Patricia Barrera Pardo";2025;8;05-08-25;25000;5000;30000;pagado;03-08-25;transferencia;"run_socio_titular no es valido"
189;17862474-9;"Patricia Barrera Pardo";2025;9;05-09-25;25000;12000;37000;pagado;05-09-25;tarjeta;"run_socio_titular no es valido"
190;17862474-9;"Patricia Barrera Pardo";2025;10;05-10-25;25000;5000;30000;pagado;01-10-25;transferencia;"run_socio_titular no es valido"
191;17862474-9;"Patricia Barrera Pardo";2025;11;05-11-25;25000;0;25000;atrasado;;;"run_socio_titular no es valido"
192;17862474-9;"Patricia Barrera Pardo";2025;12;05-12-25;25000;5000;30000;atrasado;;;"run_socio_titular no es valido"
229;5093909-9;"Javiera Barrera Duarte";2025;1;05-01-25;25000;0;25000;pagado;03-01-25;tarjeta;"run_socio_titular no es valido"
230;5093909-9;"Javiera Barrera Duarte";2025;2;05-02-25;25000;5000;30000;pagado;01-02-25;transferencia;"run_socio_titular no es valido"
231;5093909-9;"Javiera Barrera Duarte";2025;3;05-03-25;25000;12000;37000;pagado;05-03-25;tarjeta;"run_socio_titular no es valido"
232;5093909-9;"Javiera Barrera Duarte";2025;4;05-04-25;25000;5000;30000;pagado;02-04-25;transferencia;"run_socio_titular no es valido"
233;5093909-9;"Javiera Barrera Duarte";2025;5;05-05-25;25000;0;25000;pagado;04-05-25;tarjeta;"run_socio_titular no es valido"
234;5093909-9;"Javiera Barrera Duarte";2025;6;05-06-25;25000;5000;30000;pagado;01-06-25;transferencia;"run_socio_titular no es valido"
235;5093909-9;"Javiera Barrera Duarte";2025;7;05-07-25;25000;0;25000;pagado;05-07-25;tarjeta;"run_socio_titular no es valido"
236;5093909-9;"Javiera Barrera Duarte";2025;8;05-08-25;25000;5000;30000;pagado;03-08-25;transferencia;"run_socio_titular no es valido"
237;5093909-9;"Javiera Barrera Duarte";2025;9;05-09-25;25000;12000;37000;pagado;05-09-25;tarjeta;"run_socio_titular no es valido"
238;5093909-9;"Javiera Barrera Duarte";2025;10;05-10-25;25000;5000;30000;pagado;01-10-25;transferencia;"run_socio_titular no es valido"
239;5093909-9;"Javiera Barrera Duarte";2025;11;05-11-25;25000;0;25000;atrasado;;;"run_socio_titular no es valido"
240;5093909-9;"Ana Contreras";2025;12;05-12-25;25000;5000;30000;atrasado;;;"run_socio_titular no es valido"
241;19556227-9;"Mauricio Fuentes Contreras";2025;1;05-01-25;25000;0;25000;pagado;04-01-25;transferencia;"run_socio_titular no es valido"
242;19556227-9;"Mauricio Fuentes Contreras";2025;2;05-02-25;25000;5000;30000;pagado;05-02-25;tarjeta;"run_socio_titular no es valido"
243;19556227-9;"Mauricio Fuentes Contreras";2025;3;05-03-25;25000;12000;37000;pagado;03-03-25;transferencia;"run_socio_titular no es valido"
244;19556227-9;"Mauricio Fuentes Contreras";2025;4;05-04-25;25000;5000;30000;pagado;03-04-25;tarjeta;"run_socio_titular no es valido"
245;19556227-9;"Mauricio Fuentes Contreras";2025;5;05-05-25;25000;0;25000;pagado;01-05-25;transferencia;"run_socio_titular no es valido"
246;19556227-9;"Mauricio Fuentes Contreras";2025;6;05-06-25;25000;5000;30000;pagado;04-06-25;tarjeta;"run_socio_titular no es valido"
247;19556227-9;"Mauricio Fuentes Contreras";2025;7;05-07-25;25000;0;25000;pagado;02-07-25;transferencia;"run_socio_titular no es valido"
248;19556227-9;"Mauricio Fuentes Contreras";2025;8;05-08-25;25000;5000;30000;pagado;05-08-25;tarjeta;"run_socio_titular no es valido"
249;19556227-9;"Mauricio Fuentes Contreras";2025;9;05-09-25;25000;12000;37000;pagado;01-09-25;transferencia;"run_socio_titular no es valido"
250;19556227-9;"Mauricio Fuentes Contreras";2025;10;05-10-25;25000;5000;30000;pagado;04-10-25;tarjeta;"run_socio_titular no es valido"
251;19556227-9;"Mauricio Fuentes Contreras";2025;11;05-11-25;25000;0;25000;atrasado;;;"run_socio_titular no es valido"
252;19556227-9;"Juan Gonzalez";2025;12;05-12-25;25000;5000;30000;atrasado;;;"run_socio_titular no es valido"
253;17877848-0;"Mauricio Henriquez Espinoza";2025;1;05-01-25;25000;0;25000;pagado;03-01-25;tarjeta;"run_socio_titular no es valido"
254;17877848-0;"Mauricio Henriquez Espinoza";2025;2;05-02-25;25000;5000;30000;pagado;01-02-25;transferencia;"run_socio_titular no es valido"
255;17877848-0;"Mauricio Henriquez Espinoza";2025;3;05-03-25;25000;12000;37000;pagado;05-03-25;tarjeta;"run_socio_titular no es valido"
256;17877848-0;"Mauricio Henriquez Espinoza";2025;4;05-04-25;25000;5000;30000;pagado;02-04-25;transferencia;"run_socio_titular no es valido"
257;17877848-0;"Mauricio Henriquez Espinoza";2025;5;05-05-25;25000;0;25000;pagado;04-05-25;tarjeta;"run_socio_titular no es valido"
258;17877848-0;"Mauricio Henriquez Espinoza";2025;6;05-06-25;25000;5000;30000;pagado;01-06-25;transferencia;"run_socio_titular no es valido"
259;17877848-0;"Mauricio Henriquez Espinoza";2025;7;05-07-25;25000;0;25000;pagado;05-07-25;tarjeta;"run_socio_titular no es valido"
260;17877848-0;"Mauricio Henriquez Espinoza";2025;8;05-08-25;25000;5000;30000;pagado;03-08-25;transferencia;"run_socio_titular no es valido"
261;17877848-0;"Mauricio Henriquez Espinoza";2025;9;05-09-25;25000;12000;37000;pagado;05-09-25;tarjeta;"run_socio_titular no es valido"
262;17877848-0;"Mauricio Henriquez Espinoza";2025;10;05-10-25;25000;5000;30000;pagado;01-10-25;transferencia;"run_socio_titular no es valido"
263;17877848-0;"Mauricio Henriquez Espinoza";2025;11;05-11-25;25000;0;25000;atrasado;;;"run_socio_titular no es valido"
264;17877848-0;"Mauricio Henriquez Espinoza";2025;12;05-12-25;25000;5000;30000;atrasado;;;"run_socio_titular no es valido"
301;8054887-4;"Juan Contreras";2025;1;05-01-25;25000;0;25000;pagado;03-01-25;tarjeta;"run_socio_titular no es valido"
302;8054887-4;"Daniela Quezada Espinoza";2025;2;05-02-25;25000;5000;30000;pagado;01-02-25;transferencia;"run_socio_titular no es valido"
303;8054887-4;"Daniela Quezada Espinoza";2025;3;05-03-25;25000;12000;37000;pagado;05-03-25;tarjeta;"run_socio_titular no es valido"
304;8054887-4;"Daniela Quezada Espinoza";2025;4;05-04-25;25000;5000;30000;pagado;02-04-25;transferencia;"run_socio_titular no es valido"
305;8054887-4;"Daniela Quezada Espinoza";2025;5;05-05-25;25000;0;25000;pagado;04-05-25;tarjeta;"run_socio_titular no es valido"
306;8054887-4;"Daniela Quezada Espinoza";2025;6;05-06-25;25000;5000;30000;pagado;01-06-25;transferencia;"run_socio_titular no es valido"
307;8054887-4;"Daniela Quezada Espinoza";2025;7;05-07-25;25000;0;25000;pagado;05-07-25;tarjeta;"run_socio_titular no es valido"
308;8054887-4;"Daniela Quezada Espinoza";2025;8;05-08-25;25000;5000;30000;pagado;03-08-25;transferencia;"run_socio_titular no es valido"
309;8054887-4;"Daniela Quezada Espinoza";2025;9;05-09-25;25000;12000;37000;pagado;05-09-25;tarjeta;"run_socio_titular no es valido"
310;8054887-4;"Daniela Quezada Espinoza";2025;10;05-10-25;25000;5000;30000;pagado;01-10-25;transferencia;"run_socio_titular no es valido"
311;8054887-4;"Daniela Quezada Espinoza";2025;11;05-11-25;25000;0;25000;atrasado;;;"run_socio_titular no es valido"
312;8054887-4;"Daniela Quezada Espinoza";2025;12;05-12-25;25000;5000;30000;atrasado;;;"run_socio_titular no es valido"
313;6344903-3;"Ignacio Pardo Pardo";2025;1;05-01-25;25000;0;25000;pagado;04-01-25;transferencia;"run_socio_titular no es valido"
314;6344903-3;"Ignacio Pardo Pardo";2025;2;05-02-25;25000;5000;30000;pagado;05-02-25;tarjeta;"run_socio_titular no es valido"
315;6344903-3;"Ignacio Pardo Pardo";2025;3;05-03-25;25000;12000;37000;pagado;03-03-25;transferencia;"run_socio_titular no es valido"
316;6344903-3;"Ignacio Pardo Pardo";2025;4;05-04-25;25000;5000;30000;pagado;03-04-25;tarjeta;"run_socio_titular no es valido"
317;6344903-3;"Ignacio Pardo Pardo";2025;5;05-05-25;25000;0;25000;pagado;01-05-25;transferencia;"run_socio_titular no es valido"
318;6344903-3;"Ignacio Pardo Pardo";2025;6;05-06-25;25000;5000;30000;pagado;04-06-25;tarjeta;"run_socio_titular no es valido"
319;6344903-3;"Ignacio Pardo Pardo";2025;7;05-07-25;25000;0;25000;pagado;02-07-25;transferencia;"run_socio_titular no es valido"
320;6344903-3;"Ignacio Pardo Pardo";2025;8;05-08-25;25000;5000;30000;pagado;05-08-25;tarjeta;"run_socio_titular no es valido"
321;6344903-3;"Ignacio Pardo Pardo";2025;9;05-09-25;25000;12000;37000;pagado;01-09-25;transferencia;"run_socio_titular no es valido"
322;6344903-3;"Ignacio Pardo Pardo";2025;10;05-10-25;25000;5000;30000;pagado;04-10-25;tarjeta;"run_socio_titular no es valido"
323;6344903-3;"Ignacio Pardo Pardo";2025;11;05-11-25;25000;0;25000;atrasado;;;"run_socio_titular no es valido"
324;6344903-3;"Ignacio Pardo Pardo";2025;12;05-12-25;25000;5000;30000;atrasado;;;"run_socio_titular no es valido"
325;6016578-3;"Natalia Galdames Contreras";2025;1;05-01-25;25000;0;25000;pagado;03-01-25;tarjeta;"run_socio_titular no es valido"
326;6016578-3;"Natalia Galdames Contreras";2025;2;05-02-25;25000;5000;30000;pagado;01-02-25;transferencia;"run_socio_titular no es valido"
327;6016578-3;"Natalia Galdames Contreras";2025;3;05-03-25;25000;12000;37000;pagado;05-03-25;tarjeta;"run_socio_titular no es valido"
328;6016578-3;"Natalia Galdames Contreras";2025;4;05-04-25;25000;5000;30000;pagado;02-04-25;transferencia;"run_socio_titular no es valido"
329;6016578-3;"Natalia Galdames Contreras";2025;5;05-05-25;25000;0;25000;pagado;04-05-25;tarjeta;"run_socio_titular no es valido"
330;6016578-3;"Natalia Galdames Contreras";2025;6;05-06-25;25000;5000;30000;pagado;01-06-25;transferencia;"run_socio_titular no es valido"
331;6016578-3;"Natalia Galdames Contreras";2025;7;05-07-25;25000;0;25000;pagado;05-07-25;tarjeta;"run_socio_titular no es valido"
332;6016578-3;"Natalia Galdames Contreras";2025;8;05-08-25;25000;5000;30000;pagado;03-08-25;transferencia;"run_socio_titular no es valido"
333;6016578-3;"Natalia Galdames Contreras";2025;9;05-09-25;25000;12000;37000;pagado;05-09-25;tarjeta;"run_socio_titular no es valido"
334;6016578-3;"Natalia Galdames Contreras";2025;10;05-10-25;25000;5000;30000;pagado;01-10-25;transferencia;"run_socio_titular no es valido"
335;6016578-3;"Natalia Galdames Contreras";2025;11;05-11-25;25000;0;25000;atrasado;;;"run_socio_titular no es valido"
336;6016578-3;"Natalia Galdames Contreras";2025;12;05-12-25;25000;5000;30000;atrasado;;;"run_socio_titular no es valido"
337;21896425-6;"Beatriz Galdames Espinoza";2025;1;05-01-25;25000;0;25000;pagado;04-01-25;transferencia;"run_socio_titular no es valido"
338;21896425-6;"Beatriz Galdames Espinoza";2025;2;05-02-25;25000;5000;30000;pagado;05-02-25;tarjeta;"run_socio_titular no es valido"
339;21896425-6;"Beatriz Galdames Espinoza";2025;3;05-03-25;25000;12000;37000;pagado;03-03-25;transferencia;"run_socio_titular no es valido"
340;21896425-6;"Beatriz Galdames Espinoza";2025;4;05-04-25;25000;5000;30000;pagado;03-04-25;tarjeta;"run_socio_titular no es valido"
341;21896425-6;"Beatriz Galdames Espinoza";2025;5;05-05-25;25000;0;25000;pagado;01-05-25;transferencia;"run_socio_titular no es valido"
342;21896425-6;"Beatriz Galdames Espinoza";2025;6;05-06-25;25000;5000;30000;pagado;04-06-25;tarjeta;"run_socio_titular no es valido"
343;21896425-6;"Beatriz Galdames Espinoza";2025;7;05-07-25;25000;0;25000;pagado;02-07-25;transferencia;"run_socio_titular no es valido"
344;21896425-6;"Beatriz Galdames Espinoza";2025;8;05-08-25;25000;5000;30000;pagado;05-08-25;tarjeta;"run_socio_titular no es valido"
345;21896425-6;"Juan Rojas";2025;9;05-09-25;25000;12000;37000;pagado;01-09-25;transferencia;"run_socio_titular no es valido"
346;21896425-6;"Beatriz Galdames Espinoza";2025;10;05-10-25;25000;5000;30000;pagado;04-10-25;tarjeta;"run_socio_titular no es valido"
347;21896425-6;"Beatriz Galdames Espinoza";2025;11;05-11-25;25000;0;25000;atrasado;;;"run_socio_titular no es valido"
348;21896425-6;"Beatriz Galdames Espinoza";2025;12;05-12-25;25000;5000;30000;atrasado;;;"run_socio_titular no es valido"
409;18257455-3;"Kevin Iturra Nuñez";2025;1;05-01-25;25000;0;25000;pagado;04-01-25;transferencia;"run_socio_titular no es valido"
410;18257455-3;"Kevin Iturra Nuñez";2025;2;05-02-25;25000;5000;30000;pagado;05-02-25;tarjeta;"run_socio_titular no es valido"
411;18257455-3;"Kevin Iturra Nuñez";2025;3;05-03-25;25000;12000;37000;pagado;03-03-25;transferencia;"run_socio_titular no es valido"
412;18257455-3;"Sofia Gonzalez";2025;4;05-04-25;25000;5000;30000;pagado;03-04-25;tarjeta;"run_socio_titular no es valido"
413;18257455-3;"Kevin Iturra Nuñez";2025;5;05-05-25;25000;0;25000;pagado;01-05-25;transferencia;"run_socio_titular no es valido"
414;18257455-3;"Kevin Iturra Nuñez";2025;6;05-06-25;25000;5000;30000;pagado;04-06-25;tarjeta;"run_socio_titular no es valido"
415;18257455-3;"Kevin Iturra Nuñez";2025;7;05-07-25;25000;0;25000;pagado;02-07-25;transferencia;"run_socio_titular no es valido"
416;18257455-3;"Kevin Iturra Nuñez";2025;8;05-08-25;25000;5000;30000;pagado;05-08-25;tarjeta;"run_socio_titular no es valido"
417;18257455-3;"Kevin Iturra Nuñez";2025;9;05-09-25;25000;12000;37000;pagado;01-09-25;transferencia;"run_socio_titular no es valido"
418;18257455-3;"Kevin Iturra Nuñez";2025;10;05-10-25;25000;5000;30000;pagado;04-10-25;tarjeta;"run_socio_titular no es valido"
419;18257455-3;"Kevin Iturra Nuñez";2025;11;05-11-25;25000;0;25000;atrasado;;;"run_socio_titular no es valido"
420;18257455-3;"Kevin Iturra Nuñez";2025;12;05-12-25;25000;5000;30000;atrasado;;;"run_socio_titular no es valido"
421;19067421-4;"Enrique Henriquez Contreras";2025;1;05-01-25;25000;0;25000;pagado;03-01-25;tarjeta;"run_socio_titular no es valido"
422;19067421-4;"Enrique Henriquez Contreras";2025;2;05-02-25;25000;5000;30000;pagado;01-02-25;transferencia;"run_socio_titular no es valido"
423;19067421-4;"Juan Contreras";2025;3;05-03-25;25000;12000;37000;pagado;05-03-25;tarjeta;"run_socio_titular no es valido"
424;19067421-4;"Enrique Henriquez Contreras";2025;4;05-04-25;25000;5000;30000;pagado;02-04-25;transferencia;"run_socio_titular no es valido"
425;19067421-4;"Enrique Henriquez Contreras";2025;5;05-05-25;25000;0;25000;pagado;04-05-25;tarjeta;"run_socio_titular no es valido"
426;19067421-4;"Enrique Henriquez Contreras";2025;6;05-06-25;25000;5000;30000;pagado;01-06-25;transferencia;"run_socio_titular no es valido"
427;19067421-4;"Enrique Henriquez Contreras";2025;7;05-07-25;25000;0;25000;pagado;05-07-25;tarjeta;"run_socio_titular no es valido"
428;19067421-4;"Enrique Henriquez Contreras";2025;8;05-08-25;25000;5000;30000;pagado;03-08-25;transferencia;"run_socio_titular no es valido"
429;19067421-4;"Enrique Henriquez Contreras";2025;9;05-09-25;25000;12000;37000;pagado;05-09-25;tarjeta;"run_socio_titular no es valido"
430;19067421-4;"Juan Contreras";2025;10;05-10-25;25000;5000;30000;pagado;01-10-25;transferencia;"run_socio_titular no es valido"
431;19067421-4;"Enrique Henriquez Contreras";2025;11;05-11-25;25000;0;25000;atrasado;;;"run_socio_titular no es valido"
432;19067421-4;"Enrique Henriquez Contreras";2025;12;05-12-25;25000;5000;30000;atrasado;;;"run_socio_titular no es valido"
481;24211768-8;"Helena Nuñez Iturra";2025;1;05-01-25;25000;0;25000;pagado;04-01-25;transferencia;"run_socio_titular no es valido"
482;24211768-8;"Helena Nuñez Iturra";2025;2;05-02-25;25000;5000;30000;pagado;05-02-25;tarjeta;"run_socio_titular no es valido"
483;24211768-8;"Helena Nuñez Iturra";2025;3;05-03-25;25000;12000;37000;pagado;03-03-25;transferencia;"run_socio_titular no es valido"
484;24211768-8;"Helena Nuñez Iturra";2025;4;05-04-25;25000;5000;30000;pagado;03-04-25;tarjeta;"run_socio_titular no es valido"
485;24211768-8;"Helena Nuñez Iturra";2025;5;05-05-25;25000;0;25000;pagado;01-05-25;transferencia;"run_socio_titular no es valido"
486;24211768-8;"Helena Nuñez Iturra";2025;6;05-06-25;25000;5000;30000;pagado;04-06-25;tarjeta;"run_socio_titular no es valido"
487;24211768-8;"Helena Nuñez Iturra";2025;7;05-07-25;25000;0;25000;pagado;02-07-25;transferencia;"run_socio_titular no es valido"
488;24211768-8;"Helena Nuñez Iturra";2025;8;05-08-25;25000;5000;30000;pagado;05-08-25;tarjeta;"run_socio_titular no es valido"
489;24211768-8;"Helena Nuñez Iturra";2025;9;05-09-25;25000;12000;37000;pagado;01-09-25;transferencia;"run_socio_titular no es valido"
490;24211768-8;"Helena Nuñez Iturra";2025;10;05-10-25;25000;5000;30000;pagado;04-10-25;tarjeta;"run_socio_titular no es valido"
491;24211768-8;"Helena Nuñez Iturra";2025;11;05-11-25;25000;0;25000;atrasado;;;"run_socio_titular no es valido"
492;24211768-8;"Helena Nuñez Iturra";2025;12;05-12-25;25000;5000;30000;atrasado;;;"run_socio_titular no es valido"
505;12794848-0;"Ignacio Fuentes Espinoza";2025;1;05-01-25;25000;0;25000;pagado;04-01-25;transferencia;"run_socio_titular no es valido"
506;12794848-0;"Ignacio Fuentes Espinoza";2025;2;05-02-25;25000;5000;30000;pagado;05-02-25;tarjeta;"run_socio_titular no es valido"
507;12794848-0;"Ignacio Fuentes Espinoza";2025;3;05-03-25;25000;12000;37000;pagado;03-03-25;transferencia;"run_socio_titular no es valido"
508;12794848-0;"Ignacio Fuentes Espinoza";2025;4;05-04-25;25000;5000;30000;pagado;03-04-25;tarjeta;"run_socio_titular no es valido"
509;12794848-0;"Ignacio Fuentes Espinoza";2025;5;05-05-25;25000;0;25000;pagado;01-05-25;transferencia;"run_socio_titular no es valido"
510;12794848-0;"Ignacio Fuentes Espinoza";2025;6;05-06-25;25000;5000;30000;pagado;04-06-25;tarjeta;"run_socio_titular no es valido"
511;12794848-0;"Ignacio Fuentes Espinoza";2025;7;05-07-25;25000;0;25000;pagado;02-07-25;transferencia;"run_socio_titular no es valido"
512;12794848-0;"Ignacio Fuentes Espinoza";2025;8;05-08-25;25000;5000;30000;pagado;05-08-25;tarjeta;"run_socio_titular no es valido"
513;12794848-0;"Ignacio Fuentes Espinoza";2025;9;05-09-25;25000;12000;37000;pagado;01-09-25;transferencia;"run_socio_titular no es valido"
514;12794848-0;"Ignacio Fuentes Espinoza";2025;10;05-10-25;25000;5000;30000;pagado;04-10-25;tarjeta;"run_socio_titular no es valido"
515;12794848-0;"Ignacio Fuentes Espinoza";2025;11;05-11-25;25000;0;25000;atrasado;;;"run_socio_titular no es valido"
516;12794848-0;"Ignacio Fuentes Espinoza";2025;12;05-12-25;25000;5000;30000;atrasado;;;"run_socio_titular no es valido"
553;24377951-9;"Ignacio Mendez Henriquez";2025;1;05-01-25;25000;0;25000;pagado;04-01-25;transferencia;"run_socio_titular no es valido"
554;24377951-9;"Ignacio Mendez Henriquez";2025;2;05-02-25;25000;5000;30000;pagado;05-02-25;tarjeta;"run_socio_titular no es valido"
555;24377951-9;"Ignacio Mendez Henriquez";2025;3;05-03-25;25000;12000;37000;pagado;03-03-25;transferencia;"run_socio_titular no es valido"
556;24377951-9;"Ignacio Mendez Henriquez";2025;4;05-04-25;25000;5000;30000;pagado;03-04-25;tarjeta;"run_socio_titular no es valido"
557;24377951-9;"Ignacio Mendez Henriquez";2025;5;05-05-25;25000;0;25000;pagado;01-05-25;transferencia;"run_socio_titular no es valido"
558;24377951-9;"Ignacio Mendez Henriquez";2025;6;05-06-25;25000;5000;30000;pagado;04-06-25;tarjeta;"run_socio_titular no es valido"
559;24377951-9;"Ignacio Mendez Henriquez";2025;7;05-07-25;25000;0;25000;pagado;02-07-25;transferencia;"run_socio_titular no es valido"
560;24377951-9;"Ignacio Mendez Henriquez";2025;8;05-08-25;25000;5000;30000;pagado;05-08-25;tarjeta;"run_socio_titular no es valido"
561;24377951-9;"Ignacio Mendez Henriquez";2025;9;05-09-25;25000;12000;37000;pagado;01-09-25;transferencia;"run_socio_titular no es valido"
562;24377951-9;"Ignacio Mendez Henriquez";2025;10;05-10-25;25000;5000;30000;pagado;04-10-25;tarjeta;"run_socio_titular no es valido"
563;24377951-9;"Ignacio Mendez Henriquez";2025;11;05-11-25;25000;0;25000;atrasado;;;"run_socio_titular no es valido"
564;24377951-9;"Ignacio Mendez Henriquez";2025;12;05-12-25;25000;5000;30000;atrasado;;;"run_socio_titular no es valido"
589;9666051-2;"Helena Henriquez Fuentes";2025;1;05-01-25;25000;0;25000;pagado;03-01-25;tarjeta;"run_socio_titular no es valido"
590;9666051-2;"Helena Henriquez Fuentes";2025;2;05-02-25;25000;5000;30000;pagado;01-02-25;transferencia;"run_socio_titular no es valido"
591;9666051-2;"Helena Henriquez Fuentes";2025;3;05-03-25;25000;12000;37000;pagado;05-03-25;tarjeta;"run_socio_titular no es valido"
592;9666051-2;"Helena Henriquez Fuentes";2025;4;05-04-25;25000;5000;30000;pagado;02-04-25;transferencia;"run_socio_titular no es valido"
593;9666051-2;"Helena Henriquez Fuentes";2025;5;05-05-25;25000;0;25000;pagado;04-05-25;tarjeta;"run_socio_titular no es valido"
594;9666051-2;"Helena Henriquez Fuentes";2025;6;05-06-25;25000;5000;30000;pagado;01-06-25;transferencia;"run_socio_titular no es valido"
595;9666051-2;"Helena Henriquez Fuentes";2025;7;05-07-25;25000;0;25000;pagado;05-07-25;tarjeta;"run_socio_titular no es valido"
596;9666051-2;"Helena Henriquez Fuentes";2025;8;05-08-25;25000;5000;30000;pagado;03-08-25;transferencia;"run_socio_titular no es valido"
597;9666051-2;"Helena Henriquez Fuentes";2025;9;05-09-25;25000;12000;37000;pagado;05-09-25;tarjeta;"run_socio_titular no es valido"
598;9666051-2;"Helena Henriquez Fuentes";2025;10;05-10-25;25000;5000;30000;pagado;01-10-25;transferencia;"run_socio_titular no es valido"
599;9666051-2;"Helena Henriquez Fuentes";2025;11;05-11-25;25000;0;25000;atrasado;;;"run_socio_titular no es valido"
600;9666051-2;"Helena Henriquez Fuentes";2025;12;05-12-25;25000;5000;30000;atrasado;;;"run_socio_titular no es valido"
613;19879651-0;"Beatriz Henriquez Duarte";2025;1;05-01-25;25000;0;25000;pagado;03-01-25;tarjeta;"run_socio_titular no es valido"
614;19879651-0;"Beatriz Henriquez Duarte";2025;2;05-02-25;25000;5000;30000;pagado;01-02-25;transferencia;"run_socio_titular no es valido"
615;19879651-0;"Beatriz Henriquez Duarte";2025;3;05-03-25;25000;12000;37000;pagado;05-03-25;tarjeta;"run_socio_titular no es valido"
616;19879651-0;"Beatriz Henriquez Duarte";2025;4;05-04-25;25000;5000;30000;pagado;02-04-25;transferencia;"run_socio_titular no es valido"
617;19879651-0;"Beatriz Henriquez Duarte";2025;5;05-05-25;25000;0;25000;pagado;04-05-25;tarjeta;"run_socio_titular no es valido"
618;19879651-0;"Beatriz Henriquez Duarte";2025;6;05-06-25;25000;5000;30000;pagado;01-06-25;transferencia;"run_socio_titular no es valido"
619;19879651-0;"Beatriz Henriquez Duarte";2025;7;05-07-25;25000;0;25000;pagado;05-07-25;tarjeta;"run_socio_titular no es valido"
620;19879651-0;"Beatriz Henriquez Duarte";2025;8;05-08-25;25000;5000;30000;pagado;03-08-25;transferencia;"run_socio_titular no es valido"
621;19879651-0;"Beatriz Henriquez Duarte";2025;9;05-09-25;25000;12000;37000;pagado;05-09-25;tarjeta;"run_socio_titular no es valido"
622;19879651-0;"Beatriz Henriquez Duarte";2025;10;05-10-25;25000;5000;30000;pagado;01-10-25;transferencia;"run_socio_titular no es valido"
623;19879651-0;"Beatriz Henriquez Duarte";2025;11;05-11-25;25000;0;25000;atrasado;;;"run_socio_titular no es valido"
624;19879651-0;"Beatriz Henriquez Duarte";2025;12;05-12-25;25000;5000;30000;atrasado;;;"run_socio_titular no es valido"
637;9946748-2;"Oscar Contreras Henriquez";2025;1;05-01-25;25000;0;25000;pagado;03-01-25;tarjeta;"run_socio_titular no es valido"
638;9946748-2;"Oscar Contreras Henriquez";2025;2;05-02-25;25000;5000;30000;pagado;01-02-25;transferencia;"run_socio_titular no es valido"
639;9946748-2;"Oscar Contreras Henriquez";2025;3;05-03-25;25000;12000;37000;pagado;05-03-25;tarjeta;"run_socio_titular no es valido"
640;9946748-2;"Oscar Contreras Henriquez";2025;4;05-04-25;25000;5000;30000;pagado;02-04-25;transferencia;"run_socio_titular no es valido"
641;9946748-2;"Oscar Contreras Henriquez";2025;5;05-05-25;25000;0;25000;pagado;04-05-25;tarjeta;"run_socio_titular no es valido"
642;9946748-2;"Oscar Contreras Henriquez";2025;6;05-06-25;25000;5000;30000;pagado;01-06-25;transferencia;"run_socio_titular no es valido"
643;9946748-2;"Oscar Contreras Henriquez";2025;7;05-07-25;25000;0;25000;pagado;05-07-25;tarjeta;"run_socio_titular no es valido"
644;9946748-2;"Oscar Contreras Henriquez";2025;8;05-08-25;25000;5000;30000;pagado;03-08-25;transferencia;"run_socio_titular no es valido"
645;9946748-2;"Oscar Contreras Henriquez";2025;9;05-09-25;25000;12000;37000;pagado;05-09-25;tarjeta;"run_socio_titular no es valido"
646;9946748-2;"Oscar Contreras Henriquez";2025;10;05-10-25;25000;5000;30000;pagado;01-10-25;transferencia;"run_socio_titular no es valido"
647;9946748-2;"Oscar Contreras Henriquez";2025;11;05-11-25;25000;0;25000;atrasado;;;"run_socio_titular no es valido"
648;9946748-2;"Oscar Contreras Henriquez";2025;12;05-12-25;25000;5000;30000;atrasado;;;"run_socio_titular no es valido"
649;14868324-1;"Mauricio Lagos Pardo";2025;1;05-01-25;25000;0;25000;pagado;04-01-25;transferencia;"run_socio_titular no es valido"
650;14868324-1;"Mauricio Lagos Pardo";2025;2;05-02-25;25000;5000;30000;pagado;05-02-25;tarjeta;"run_socio_titular no es valido"
651;14868324-1;"Mauricio Lagos Pardo";2025;3;05-03-25;25000;12000;37000;pagado;03-03-25;transferencia;"run_socio_titular no es valido"
652;14868324-1;"Mauricio Lagos Pardo";2025;4;05-04-25;25000;5000;30000;pagado;03-04-25;tarjeta;"run_socio_titular no es valido"
653;14868324-1;"Mauricio Lagos Pardo";2025;5;05-05-25;25000;0;25000;pagado;01-05-25;transferencia;"run_socio_titular no es valido"
654;14868324-1;"Mauricio Lagos Pardo";2025;6;05-06-25;25000;5000;30000;pagado;04-06-25;tarjeta;"run_socio_titular no es valido"
655;14868324-1;"Mauricio Lagos Pardo";2025;7;05-07-25;25000;0;25000;pagado;02-07-25;transferencia;"run_socio_titular no es valido"
656;14868324-1;"Mauricio Lagos Pardo";2025;8;05-08-25;25000;5000;30000;pagado;05-08-25;tarjeta;"run_socio_titular no es valido"
657;14868324-1;"Mauricio Lagos Pardo";2025;9;05-09-25;25000;12000;37000;pagado;01-09-25;transferencia;"run_socio_titular no es valido"
658;14868324-1;"Mauricio Lagos Pardo";2025;10;05-10-25;25000;5000;30000;pagado;04-10-25;tarjeta;"run_socio_titular no es valido"
659;14868324-1;"Mauricio Lagos Pardo";2025;11;05-11-25;25000;0;25000;atrasado;;;"run_socio_titular no es valido"
660;14868324-1;"Mauricio Lagos Pardo";2025;12;05-12-25;25000;5000;30000;atrasado;;;"run_socio_titular no es valido"
661;21005871-2;"Helena Mendez Pardo";2025;1;05-01-25;25000;0;25000;pagado;03-01-25;tarjeta;"run_socio_titular no es valido"
662;21005871-2;"Helena Mendez Pardo";2025;2;05-02-25;25000;5000;30000;pagado;01-02-25;transferencia;"run_socio_titular no es valido"
663;21005871-2;"Helena Mendez Pardo";2025;3;05-03-25;25000;12000;37000;pagado;05-03-25;tarjeta;"run_socio_titular no es valido"
664;21005871-2;"Helena Mendez Pardo";2025;4;05-04-25;25000;5000;30000;pagado;02-04-25;transferencia;"run_socio_titular no es valido"
665;21005871-2;"Helena Mendez Pardo";2025;5;05-05-25;25000;0;25000;pagado;04-05-25;tarjeta;"run_socio_titular no es valido"
666;21005871-2;"Helena Mendez Pardo";2025;6;05-06-25;25000;5000;30000;pagado;01-06-25;transferencia;"run_socio_titular no es valido"
667;21005871-2;"Helena Mendez Pardo";2025;7;05-07-25;25000;0;25000;pagado;05-07-25;tarjeta;"run_socio_titular no es valido"
668;21005871-2;"Helena Mendez Pardo";2025;8;05-08-25;25000;5000;30000;pagado;03-08-25;transferencia;"run_socio_titular no es valido"
669;21005871-2;"Helena Mendez Pardo";2025;9;05-09-25;25000;12000;37000;pagado;05-09-25;tarjeta;"run_socio_titular no es valido"
670;21005871-2;"Helena Mendez Pardo";2025;10;05-10-25;25000;5000;30000;pagado;01-10-25;transferencia;"run_socio_titular no es valido"
671;21005871-2;"Juan Contreras";2025;11;05-11-25;25000;0;25000;atrasado;;;"run_socio_titular no es valido"
672;21005871-2;"Helena Mendez Pardo";2025;12;05-12-25;25000;5000;30000;atrasado;;;"run_socio_titular no es valido"
673;13852439-9;"Natalia Espinoza Alvarez";2025;1;05-01-25;25000;0;25000;pagado;04-01-25;transferencia;"run_socio_titular no es valido"
674;13852439-9;"Natalia Espinoza Alvarez";2025;2;05-02-25;25000;5000;30000;pagado;05-02-25;tarjeta;"run_socio_titular no es valido"
675;13852439-9;"Natalia Espinoza Alvarez";2025;3;05-03-25;25000;12000;37000;pagado;03-03-25;transferencia;"run_socio_titular no es valido"
676;13852439-9;"Natalia Espinoza Alvarez";2025;4;05-04-25;25000;5000;30000;pagado;03-04-25;tarjeta;"run_socio_titular no es valido"
677;13852439-9;"Natalia Espinoza Alvarez";2025;5;05-05-25;25000;0;25000;pagado;01-05-25;transferencia;"run_socio_titular no es valido"
678;13852439-9;"Natalia Espinoza Alvarez";2025;6;05-06-25;25000;5000;30000;pagado;04-06-25;tarjeta;"run_socio_titular no es valido"
679;13852439-9;"Natalia Espinoza Alvarez";2025;7;05-07-25;25000;0;25000;pagado;02-07-25;transferencia;"run_socio_titular no es valido"
680;13852439-9;"Natalia Espinoza Alvarez";2025;8;05-08-25;25000;5000;30000;pagado;05-08-25;tarjeta;"run_socio_titular no es valido"
681;13852439-9;"Natalia Espinoza Alvarez";2025;9;05-09-25;25000;12000;37000;pagado;01-09-25;transferencia;"run_socio_titular no es valido"
682;13852439-9;"Natalia Espinoza Alvarez";2025;10;05-10-25;25000;5000;30000;pagado;04-10-25;tarjeta;"run_socio_titular no es valido"
683;13852439-9;"Natalia Espinoza Alvarez";2025;11;05-11-25;25000;0;25000;atrasado;;;"run_socio_titular no es valido"
684;13852439-9;"Natalia Espinoza Alvarez";2025;12;05-12-25;25000;5000;30000;atrasado;;;"run_socio_titular no es valido"
685;22417599-7;"Natalia Contreras Mendez";2025;1;05-01-25;25000;0;25000;pagado;03-01-25;tarjeta;"run_socio_titular no es valido"
686;22417599-7;"Natalia Contreras Mendez";2025;2;05-02-25;25000;5000;30000;pagado;01-02-25;transferencia;"run_socio_titular no es valido"
687;22417599-7;"Natalia Contreras Mendez";2025;3;05-03-25;25000;12000;37000;pagado;05-03-25;tarjeta;"run_socio_titular no es valido"
688;22417599-7;"Natalia Contreras Mendez";2025;4;05-04-25;25000;5000;30000;pagado;02-04-25;transferencia;"run_socio_titular no es valido"
689;22417599-7;"Natalia Contreras Mendez";2025;5;05-05-25;25000;0;25000;pagado;04-05-25;tarjeta;"run_socio_titular no es valido"
690;22417599-7;"Natalia Contreras Mendez";2025;6;05-06-25;25000;5000;30000;pagado;01-06-25;transferencia;"run_socio_titular no es valido"
691;22417599-7;"Natalia Contreras Mendez";2025;7;05-07-25;25000;0;25000;pagado;05-07-25;tarjeta;"run_socio_titular no es valido"
692;22417599-7;"Natalia Contreras Mendez";2025;8;05-08-25;25000;5000;30000;pagado;03-08-25;transferencia;"run_socio_titular no es valido"
693;22417599-7;"Natalia Contreras Mendez";2025;9;05-09-25;25000;12000;37000;pagado;05-09-25;tarjeta;"run_socio_titular no es valido"
694;22417599-7;"Natalia Contreras Mendez";2025;10;05-10-25;25000;5000;30000;pagado;01-10-25;transferencia;"run_socio_titular no es valido"
695;22417599-7;"Natalia Contreras Mendez";2025;11;05-11-25;25000;0;25000;atrasado;;;"run_socio_titular no es valido"
696;22417599-7;"Natalia Contreras Mendez";2025;12;05-12-25;25000;5000;30000;atrasado;;;"run_socio_titular no es valido"
721;22109010-5;"Javiera Contreras Henriquez";2025;1;05-01-25;25000;0;25000;pagado;04-01-25;transferencia;"run_socio_titular no es valido"
722;22109010-5;"Javiera Contreras Henriquez";2025;2;05-02-25;25000;5000;30000;pagado;05-02-25;tarjeta;"run_socio_titular no es valido"
723;22109010-5;"Javiera Contreras Henriquez";2025;3;05-03-25;25000;12000;37000;pagado;03-03-25;transferencia;"run_socio_titular no es valido"
724;22109010-5;"Javiera Contreras Henriquez";2025;4;05-04-25;25000;5000;30000;pagado;03-04-25;tarjeta;"run_socio_titular no es valido"
725;22109010-5;"Javiera Contreras Henriquez";2025;5;05-05-25;25000;0;25000;pagado;01-05-25;transferencia;"run_socio_titular no es valido"
726;22109010-5;"Javiera Contreras Henriquez";2025;6;05-06-25;25000;5000;30000;pagado;04-06-25;tarjeta;"run_socio_titular no es valido"
727;22109010-5;"Javiera Contreras Henriquez";2025;7;05-07-25;25000;0;25000;pagado;02-07-25;transferencia;"run_socio_titular no es valido"
728;22109010-5;"Javiera Contreras Henriquez";2025;8;05-08-25;25000;5000;30000;pagado;05-08-25;tarjeta;"run_socio_titular no es valido"
729;22109010-5;"Javiera Contreras Henriquez";2025;9;05-09-25;25000;12000;37000;pagado;01-09-25;transferencia;"run_socio_titular no es valido"
730;22109010-5;"Javiera Contreras Henriquez";2025;10;05-10-25;25000;5000;30000;pagado;04-10-25;tarjeta;"run_socio_titular no es valido"
731;22109010-5;"Javiera Contreras Henriquez";2025;11;05-11-25;25000;0;25000;atrasado;;;"run_socio_titular no es valido"
732;22109010-5;"Javiera Contreras Henriquez";2025;12;05-12-25;25000;5000;30000;atrasado;;;"run_socio_titular no es valido"
733;11166446-1;"Oscar Galdames Lagos";2025;1;05-01-25;25000;0;25000;pagado;03-01-25;tarjeta;"run_socio_titular no es valido"
734;11166446-1;"Oscar Galdames Lagos";2025;2;05-02-25;25000;5000;30000;pagado;01-02-25;transferencia;"run_socio_titular no es valido"
735;11166446-1;"Oscar Galdames Lagos";2025;3;05-03-25;25000;12000;37000;pagado;05-03-25;tarjeta;"run_socio_titular no es valido"
736;11166446-1;"Oscar Galdames Lagos";2025;4;05-04-25;25000;5000;30000;pagado;02-04-25;transferencia;"run_socio_titular no es valido"
737;11166446-1;"Oscar Galdames Lagos";2025;5;05-05-25;25000;0;25000;pagado;04-05-25;tarjeta;"run_socio_titular no es valido"
738;11166446-1;"Oscar Galdames Lagos";2025;6;05-06-25;25000;5000;30000;pagado;01-06-25;transferencia;"run_socio_titular no es valido"
739;11166446-1;"Oscar Galdames Lagos";2025;7;05-07-25;25000;0;25000;pagado;05-07-25;tarjeta;"run_socio_titular no es valido"
740;11166446-1;"Oscar Galdames Lagos";2025;8;05-08-25;25000;5000;30000;pagado;03-08-25;transferencia;"run_socio_titular no es valido"
741;11166446-1;"Oscar Galdames Lagos";2025;9;05-09-25;25000;12000;37000;pagado;05-09-25;tarjeta;"run_socio_titular no es valido"
742;11166446-1;"Oscar Galdames Lagos";2025;10;05-10-25;25000;5000;30000;pagado;01-10-25;transferencia;"run_socio_titular no es valido"
743;11166446-1;"Oscar Galdames Lagos";2025;11;05-11-25;25000;0;25000;atrasado;;;"run_socio_titular no es valido"
744;11166446-1;"Oscar Galdames Lagos";2025;12;05-12-25;25000;5000;30000;atrasado;;;"run_socio_titular no es valido"
757;9996844-4;"Enrique Mendez Fuentes";2025;1;05-01-25;25000;0;25000;pagado;03-01-25;tarjeta;"run_socio_titular no es valido"
758;9996844-4;"Enrique Mendez Fuentes";2025;2;05-02-25;25000;5000;30000;pagado;01-02-25;transferencia;"run_socio_titular no es valido"
759;9996844-4;"Enrique Mendez Fuentes";2025;3;05-03-25;25000;12000;37000;pagado;05-03-25;tarjeta;"run_socio_titular no es valido"
760;9996844-4;"Enrique Mendez Fuentes";2025;4;05-04-25;25000;5000;30000;pagado;02-04-25;transferencia;"run_socio_titular no es valido"
761;9996844-4;"Enrique Mendez Fuentes";2025;5;05-05-25;25000;0;25000;pagado;04-05-25;tarjeta;"run_socio_titular no es valido"
762;9996844-4;"Enrique Mendez Fuentes";2025;6;05-06-25;25000;5000;30000;pagado;01-06-25;transferencia;"run_socio_titular no es valido"
763;9996844-4;"Enrique Mendez Fuentes";2025;7;05-07-25;25000;0;25000;pagado;05-07-25;tarjeta;"run_socio_titular no es valido"
764;9996844-4;"Enrique Mendez Fuentes";2025;8;05-08-25;25000;5000;30000;pagado;03-08-25;transferencia;"run_socio_titular no es valido"
765;9996844-4;"Enrique Mendez Fuentes";2025;9;05-09-25;25000;12000;37000;pagado;05-09-25;tarjeta;"run_socio_titular no es valido"
766;9996844-4;"Enrique Mendez Fuentes";2025;10;05-10-25;25000;5000;30000;pagado;01-10-25;transferencia;"run_socio_titular no es valido"
767;9996844-4;"Enrique Mendez Fuentes";2025;11;05-11-25;25000;0;25000;atrasado;;;"run_socio_titular no es valido"
768;9996844-4;"Enrique Mendez Fuentes";2025;12;05-12-25;25000;5000;30000;atrasado;;;"run_socio_titular no es valido"
793;16653005-1;"Kevin Nuñez Pardo";2025;1;05-01-25;25000;0;25000;pagado;04-01-25;transferencia;"run_socio_titular no es valido"
794;16653005-1;"Kevin Nuñez Pardo";2025;2;05-02-25;25000;5000;30000;pagado;05-02-25;tarjeta;"run_socio_titular no es valido"
795;16653005-1;"Kevin Nuñez Pardo";2025;3;05-03-25;25000;12000;37000;pagado;03-03-25;transferencia;"run_socio_titular no es valido"
796;16653005-1;"Kevin Nuñez Pardo";2025;4;05-04-25;25000;5000;30000;pagado;03-04-25;tarjeta;"run_socio_titular no es valido"
797;16653005-1;"Kevin Nuñez Pardo";2025;5;05-05-25;25000;0;25000;pagado;01-05-25;transferencia;"run_socio_titular no es valido"
798;16653005-1;"Kevin Nuñez Pardo";2025;6;05-06-25;25000;5000;30000;pagado;04-06-25;tarjeta;"run_socio_titular no es valido"
799;16653005-1;"Kevin Nuñez Pardo";2025;7;05-07-25;25000;0;25000;pagado;02-07-25;transferencia;"run_socio_titular no es valido"
800;16653005-1;"Kevin Nuñez Pardo";2025;8;05-08-25;25000;5000;30000;pagado;05-08-25;tarjeta;"run_socio_titular no es valido"
801;16653005-1;"Kevin Nuñez Pardo";2025;9;05-09-25;25000;12000;37000;pagado;01-09-25;transferencia;"run_socio_titular no es valido"
802;16653005-1;"Kevin Nuñez Pardo";2025;10;05-10-25;25000;5000;30000;pagado;04-10-25;tarjeta;"run_socio_titular no es valido"
803;16653005-1;"Kevin Nuñez Pardo";2025;11;05-11-25;25000;0;25000;atrasado;;;"run_socio_titular no es valido"
804;16653005-1;"Diego Contreras";2025;12;05-12-25;25000;5000;30000;atrasado;;;"run_socio_titular no es valido"
817;9737943-3;"Ana Contreras";2025;1;05-01-25;25000;0;25000;pagado;04-01-25;transferencia;"run_socio_titular no es valido"
818;9737943-3;"Felicia Lagos Galdames";2025;2;05-02-25;25000;5000;30000;pagado;05-02-25;tarjeta;"run_socio_titular no es valido"
819;9737943-3;"Ana Contreras";2025;3;05-03-25;25000;12000;37000;pagado;03-03-25;transferencia;"run_socio_titular no es valido"
820;9737943-3;"Felicia Lagos Galdames";2025;4;05-04-25;25000;5000;30000;pagado;03-04-25;tarjeta;"run_socio_titular no es valido"
821;9737943-3;"Felicia Lagos Galdames";2025;5;05-05-25;25000;0;25000;pagado;01-05-25;transferencia;"run_socio_titular no es valido"
822;9737943-3;"Felicia Lagos Galdames";2025;6;05-06-25;25000;5000;30000;pagado;04-06-25;tarjeta;"run_socio_titular no es valido"
823;9737943-3;"Felicia Lagos Galdames";2025;7;05-07-25;25000;0;25000;pagado;02-07-25;transferencia;"run_socio_titular no es valido"
824;9737943-3;"Felicia Lagos Galdames";2025;8;05-08-25;25000;5000;30000;pagado;05-08-25;tarjeta;"run_socio_titular no es valido"
825;9737943-3;"Felicia Lagos Galdames";2025;9;05-09-25;25000;12000;37000;pagado;01-09-25;transferencia;"run_socio_titular no es valido"
826;9737943-3;"Felicia Lagos Galdames";2025;10;05-10-25;25000;5000;30000;pagado;04-10-25;tarjeta;"run_socio_titular no es valido"
827;9737943-3;"Felicia Lagos Galdames";2025;11;05-11-25;25000;0;25000;atrasado;;;"run_socio_titular no es valido"
828;9737943-3;"Felicia Lagos Galdames";2025;12;05-12-25;25000;5000;30000;atrasado;;;"run_socio_titular no es valido"
829;17545284-4;"Oscar Espinoza Ortiz";2025;1;05-01-25;25000;0;25000;pagado;03-01-25;tarjeta;"run_socio_titular no es valido"
830;17545284-4;"Oscar Espinoza Ortiz";2025;2;05-02-25;25000;5000;30000;pagado;01-02-25;transferencia;"run_socio_titular no es valido"
831;17545284-4;"Oscar Espinoza Ortiz";2025;3;05-03-25;25000;12000;37000;pagado;05-03-25;tarjeta;"run_socio_titular no es valido"
832;17545284-4;"Oscar Espinoza Ortiz";2025;4;05-04-25;25000;5000;30000;pagado;02-04-25;transferencia;"run_socio_titular no es valido"
833;17545284-4;"Oscar Espinoza Ortiz";2025;5;05-05-25;25000;0;25000;pagado;04-05-25;tarjeta;"run_socio_titular no es valido"
834;17545284-4;"Oscar Espinoza Ortiz";2025;6;05-06-25;25000;5000;30000;pagado;01-06-25;transferencia;"run_socio_titular no es valido"
835;17545284-4;"Oscar Espinoza Ortiz";2025;7;05-07-25;25000;0;25000;pagado;05-07-25;tarjeta;"run_socio_titular no es valido"
836;17545284-4;"Oscar Espinoza Ortiz";2025;8;05-08-25;25000;5000;30000;pagado;03-08-25;transferencia;"run_socio_titular no es valido"
837;17545284-4;"Oscar Espinoza Ortiz";2025;9;05-09-25;25000;12000;37000;pagado;05-09-25;tarjeta;"run_socio_titular no es valido"
838;17545284-4;"Oscar Espinoza Ortiz";2025;10;05-10-25;25000;5000;30000;pagado;01-10-25;transferencia;"run_socio_titular no es valido"
839;17545284-4;"Oscar Espinoza Ortiz";2025;11;05-11-25;25000;0;25000;atrasado;;;"run_socio_titular no es valido"
840;17545284-4;"Oscar Espinoza Ortiz";2025;12;05-12-25;25000;5000;30000;atrasado;;;"run_socio_titular no es valido"
5013;10336757-5;"Claudio Barrera Ortiz";2026;1;05-01-26;35000;0;35000;atrasado;;;"run_socio_titular no es valido"
5014;10336757-5;"Claudio Barrera Ortiz";2026;2;05-02-26;35000;0;35000;pagado;04-02-26;transferencia;"run_socio_titular no es valido"
5015;10336757-5;"Claudio Barrera Ortiz";2026;3;05-03-26;35000;0;35000;atrasado;;;"run_socio_titular no es valido"
5016;10336757-5;"Claudio Barrera Ortiz";2026;4;05-04-26;35000;0;35000;pagado;01-04-26;tarjeta_credito;"run_socio_titular no es valido"
5017;10336757-5;"Claudio Barrera Ortiz";2026;5;05-05-26;35000;0;35000;atrasado;;;"run_socio_titular no es valido"
5018;10336757-5;"Claudio Barrera Ortiz";2026;6;05-06-26;35000;0;35000;pagado;05-06-26;efectivo;"run_socio_titular no es valido"
5019;10336757-5;"Claudio Barrera Ortiz";2026;7;05-07-26;35000;0;35000;atrasado;;;"run_socio_titular no es valido"
5020;10336757-5;"Claudio Barrera Ortiz";2026;8;05-08-26;35000;0;35000;pagado;03-08-26;transferencia;"run_socio_titular no es valido"
5021;10336757-5;"Claudio Barrera Ortiz";2026;9;05-09-26;35000;0;35000;atrasado;;;"run_socio_titular no es valido"
5022;10336757-5;"Claudio Barrera Ortiz";2026;10;05-10-26;35000;0;35000;pagado;02-10-26;tarjeta_credito;"run_socio_titular no es valido"
5023;10336757-5;"Claudio Barrera Ortiz";2026;11;05-11-26;35000;0;35000;atrasado;;;"run_socio_titular no es valido"
5024;10336757-5;"Claudio Barrera Ortiz";2026;12;05-12-26;35000;0;35000;pagado;04-12-26;efectivo;"run_socio_titular no es valido"
5037;6988932-3;"Felicia Quezada Fuentes";2026;1;05-01-26;35000;0;35000;atrasado;;;"run_socio_titular no es valido"
5038;6988932-3;"Felicia Quezada Fuentes";2026;2;05-02-26;35000;0;35000;pagado;02-02-26;transferencia;"run_socio_titular no es valido"
5039;6988932-3;"Felicia Quezada Fuentes";2026;3;05-03-26;35000;0;35000;atrasado;;;"run_socio_titular no es valido"
5040;6988932-3;"Felicia Quezada Fuentes";2026;4;05-04-26;35000;0;35000;pagado;03-04-26;tarjeta_credito;"run_socio_titular no es valido"
5041;6988932-3;"Felicia Quezada Fuentes";2026;5;05-05-26;35000;0;35000;atrasado;;;"run_socio_titular no es valido"
5042;6988932-3;"Felicia Quezada Fuentes";2026;6;05-06-26;35000;0;35000;pagado;01-06-26;efectivo;"run_socio_titular no es valido"
5043;6988932-3;"Felicia Quezada Fuentes";2026;7;05-07-26;35000;0;35000;atrasado;;;"run_socio_titular no es valido"
5044;6988932-3;"Felicia Quezada Fuentes";2026;8;05-08-26;35000;0;35000;pagado;04-08-26;transferencia;"run_socio_titular no es valido"
5045;6988932-3;"Felicia Quezada Fuentes";2026;9;05-09-26;35000;0;35000;atrasado;;;"run_socio_titular no es valido"
5046;6988932-3;"Felicia Quezada Fuentes";2026;10;05-10-26;35000;0;35000;pagado;05-10-26;tarjeta_credito;"run_socio_titular no es valido"
5047;6988932-3;"Felicia Quezada Fuentes";2026;11;05-11-26;35000;0;35000;atrasado;;;"run_socio_titular no es valido"
5048;6988932-3;"Felicia Quezada Fuentes";2026;12;05-12-26;35000;0;35000;pagado;03-12-26;efectivo;"run_socio_titular no es valido"
5049;8554458-8;"Javiera Mendez Fuentes";2026;1;05-01-26;35000;0;35000;pagado;04-01-26;transferencia;"run_socio_titular no es valido"
5050;8554458-8;"Javiera Mendez Fuentes";2026;2;05-02-26;35000;0;35000;atrasado;;;"run_socio_titular no es valido"
5051;8554458-8;"Javiera Mendez Fuentes";2026;3;05-03-26;35000;0;35000;pagado;01-03-26;tarjeta_credito;"run_socio_titular no es valido"
5052;8554458-8;"Javiera Mendez Fuentes";2026;4;05-04-26;35000;0;35000;atrasado;;;"run_socio_titular no es valido"
5053;8554458-8;"Javiera Mendez Fuentes";2026;5;05-05-26;35000;0;35000;pagado;05-05-26;efectivo;"run_socio_titular no es valido"
5054;8554458-8;"Javiera Mendez Fuentes";2026;6;05-06-26;35000;0;35000;atrasado;;;"run_socio_titular no es valido"
5055;8554458-8;"Javiera Mendez Fuentes";2026;7;05-07-26;35000;0;35000;pagado;02-07-26;transferencia;"run_socio_titular no es valido"
5056;8554458-8;"Javiera Mendez Fuentes";2026;8;05-08-26;35000;0;35000;atrasado;;;"run_socio_titular no es valido"
5057;8554458-8;"Javiera Mendez Fuentes";2026;9;05-09-26;35000;0;35000;pagado;03-09-26;tarjeta_credito;"run_socio_titular no es valido"
5058;8554458-8;"Javiera Mendez Fuentes";2026;10;05-10-26;35000;0;35000;atrasado;;;"run_socio_titular no es valido"
5059;8554458-8;"Javiera Mendez Fuentes";2026;11;05-11-26;35000;0;35000;pagado;01-11-26;efectivo;"run_socio_titular no es valido"
5060;8554458-8;"Javiera Mendez Fuentes";2026;12;05-12-26;35000;0;35000;atrasado;;;"run_socio_titular no es valido"
5061;20484469-3;"Patricia Pardo Fuentes";2026;1;05-01-26;35000;0;35000;atrasado;;;"run_socio_titular no es valido"
5062;20484469-3;"Patricia Pardo Fuentes";2026;2;05-02-26;35000;0;35000;pagado;03-02-26;transferencia;"run_socio_titular no es valido"
5063;20484469-3;"Patricia Pardo Fuentes";2026;3;05-03-26;35000;0;35000;atrasado;;;"run_socio_titular no es valido"
5064;20484469-3;"Patricia Pardo Fuentes";2026;4;05-04-26;35000;0;35000;pagado;04-04-26;tarjeta_credito;"run_socio_titular no es valido"
5065;20484469-3;"Patricia Pardo Fuentes";2026;5;05-05-26;35000;0;35000;atrasado;;;"run_socio_titular no es valido"
5066;20484469-3;"Patricia Pardo Fuentes";2026;6;05-06-26;35000;0;35000;pagado;02-06-26;efectivo;"run_socio_titular no es valido"
5067;20484469-3;"Patricia Pardo Fuentes";2026;7;05-07-26;35000;0;35000;atrasado;;;"run_socio_titular no es valido"
5068;20484469-3;"Patricia Pardo Fuentes";2026;8;05-08-26;35000;0;35000;pagado;05-08-26;transferencia;"run_socio_titular no es valido"
5069;20484469-3;"Patricia Pardo Fuentes";2026;9;05-09-26;35000;0;35000;atrasado;;;"run_socio_titular no es valido"
5070;20484469-3;"Patricia Pardo Fuentes";2026;10;05-10-26;35000;0;35000;pagado;01-10-26;tarjeta_credito;"run_socio_titular no es valido"
5071;20484469-3;"Patricia Pardo Fuentes";2026;11;05-11-26;35000;0;35000;atrasado;;;"run_socio_titular no es valido"
5072;20484469-3;"Patricia Pardo Fuentes";2026;12;05-12-26;35000;0;35000;pagado;04-12-26;efectivo;"run_socio_titular no es valido"
5109;9848362-5;"Ignacio Quezada Henriquez";2026;1;05-01-26;35000;0;35000;atrasado;;;"run_socio_titular no es valido"
5110;9848362-5;"Ignacio Quezada Henriquez";2026;2;05-02-26;35000;0;35000;pagado;01-02-26;transferencia;"run_socio_titular no es valido"
5111;9848362-5;"Ignacio Quezada Henriquez";2026;3;05-03-26;35000;0;35000;atrasado;;;"run_socio_titular no es valido"
5112;9848362-5;"Ignacio Quezada Henriquez";2026;4;05-04-26;35000;0;35000;pagado;03-04-26;tarjeta_credito;"run_socio_titular no es valido"
5113;9848362-5;"Ignacio Quezada Henriquez";2026;5;05-05-26;35000;0;35000;atrasado;;;"run_socio_titular no es valido"
5114;9848362-5;"Ignacio Quezada Henriquez";2026;6;05-06-26;35000;0;35000;pagado;05-06-26;efectivo;"run_socio_titular no es valido"
5115;9848362-5;"Ignacio Quezada Henriquez";2026;7;05-07-26;35000;0;35000;atrasado;;;"run_socio_titular no es valido"
5116;9848362-5;"Ignacio Quezada Henriquez";2026;8;05-08-26;35000;0;35000;pagado;02-08-26;transferencia;"run_socio_titular no es valido"
5117;9848362-5;"Ignacio Quezada Henriquez";2026;9;05-09-26;35000;0;35000;atrasado;;;"run_socio_titular no es valido"
5118;9848362-5;"Ignacio Quezada Henriquez";2026;10;05-10-26;35000;0;35000;pagado;04-10-26;tarjeta_credito;"run_socio_titular no es valido"
5119;9848362-5;"Ignacio Quezada Henriquez";2026;11;05-11-26;35000;0;35000;atrasado;;;"run_socio_titular no es valido"
5120;9848362-5;"Ignacio Quezada Henriquez";2026;12;05-12-26;35000;0;35000;pagado;01-12-26;efectivo;"run_socio_titular no es valido"
5121;17608709-0;"Helena Jara Duarte";2026;1;05-01-26;35000;0;35000;pagado;03-01-26;transferencia;"run_socio_titular no es valido"
5122;17608709-0;"Helena Jara Duarte";2026;2;05-02-26;35000;0;35000;atrasado;;;"run_socio_titular no es valido"
5123;17608709-0;"Helena Jara Duarte";2026;3;05-03-26;35000;0;35000;pagado;05-03-26;tarjeta_credito;"run_socio_titular no es valido"
5124;17608709-0;"Helena Jara Duarte";2026;4;05-04-26;35000;0;35000;atrasado;;;"run_socio_titular no es valido"
5125;17608709-0;"Helena Jara Duarte";2026;5;05-05-26;35000;0;35000;pagado;01-05-26;efectivo;"run_socio_titular no es valido"
5126;17608709-0;"Helena Jara Duarte";2026;6;05-06-26;35000;0;35000;atrasado;;;"run_socio_titular no es valido"
5127;17608709-0;"Helena Jara Duarte";2026;7;05-07-26;35000;0;35000;pagado;04-07-26;transferencia;"run_socio_titular no es valido"
5128;17608709-0;"Helena Jara Duarte";2026;8;05-08-26;35000;0;35000;atrasado;;;"run_socio_titular no es valido"
5129;17608709-0;"Helena Jara Duarte";2026;9;05-09-26;35000;0;35000;pagado;01-09-26;tarjeta_credito;"run_socio_titular no es valido"
5130;17608709-0;"Helena Jara Duarte";2026;10;05-10-26;35000;0;35000;atrasado;;;"run_socio_titular no es valido"
5131;17608709-0;"Helena Jara Duarte";2026;11;05-11-26;35000;0;35000;pagado;02-11-26;efectivo;"run_socio_titular no es valido"
5132;17608709-0;"Helena Jara Duarte";2026;12;05-12-26;35000;0;35000;atrasado;;;"run_socio_titular no es valido"
5181;17862474-9;"Patricia Barrera Pardo";2026;1;05-01-26;35000;0;35000;atrasado;;;"run_socio_titular no es valido"
5182;17862474-9;"Patricia Barrera Pardo";2026;2;05-02-26;35000;0;35000;pagado;04-02-26;transferencia;"run_socio_titular no es valido"
5183;17862474-9;"Patricia Barrera Pardo";2026;3;05-03-26;35000;0;35000;atrasado;;;"run_socio_titular no es valido"
5184;17862474-9;"Patricia Barrera Pardo";2026;4;05-04-26;35000;0;35000;pagado;02-04-26;tarjeta_credito;"run_socio_titular no es valido"
5185;17862474-9;"Patricia Barrera Pardo";2026;5;05-05-26;35000;0;35000;atrasado;;;"run_socio_titular no es valido"
5186;17862474-9;"Patricia Barrera Pardo";2026;6;05-06-26;35000;0;35000;pagado;05-06-26;efectivo;"run_socio_titular no es valido"
5187;17862474-9;"Patricia Barrera Pardo";2026;7;05-07-26;35000;0;35000;atrasado;;;"run_socio_titular no es valido"
5188;17862474-9;"Patricia Barrera Pardo";2026;8;05-08-26;35000;0;35000;pagado;01-08-26;transferencia;"run_socio_titular no es valido"
5189;17862474-9;"Patricia Barrera Pardo";2026;9;05-09-26;35000;0;35000;atrasado;;;"run_socio_titular no es valido"
5190;17862474-9;"Patricia Barrera Pardo";2026;10;05-10-26;35000;0;35000;pagado;02-10-26;tarjeta_credito;"run_socio_titular no es valido"
5191;17862474-9;"Patricia Barrera Pardo";2026;11;05-11-26;35000;0;35000;atrasado;;;"run_socio_titular no es valido"
5192;17862474-9;"Patricia Barrera Pardo";2026;12;05-12-26;35000;0;35000;pagado;04-12-26;efectivo;"run_socio_titular no es valido"
5229;5093909-9;"Javiera Barrera Duarte";2026;1;05-01-26;35000;0;35000;atrasado;;;"run_socio_titular no es valido"
5230;5093909-9;"Javiera Barrera Duarte";2026;2;05-02-26;35000;0;35000;pagado;01-02-26;transferencia;"run_socio_titular no es valido"
5231;5093909-9;"Javiera Barrera Duarte";2026;3;05-03-26;35000;0;35000;atrasado;;;"run_socio_titular no es valido"
5232;5093909-9;"Javiera Barrera Duarte";2026;4;05-04-26;35000;0;35000;pagado;03-04-26;tarjeta_credito;"run_socio_titular no es valido"
5233;5093909-9;"Javiera Barrera Duarte";2026;5;05-05-26;35000;0;35000;atrasado;;;"run_socio_titular no es valido"
5234;5093909-9;"Javiera Barrera Duarte";2026;6;05-06-26;35000;0;35000;pagado;05-06-26;efectivo;"run_socio_titular no es valido"
5235;5093909-9;"Javiera Barrera Duarte";2026;7;05-07-26;35000;0;35000;atrasado;;;"run_socio_titular no es valido"
5236;5093909-9;"Javiera Barrera Duarte";2026;8;05-08-26;35000;0;35000;pagado;02-08-26;transferencia;"run_socio_titular no es valido"
5237;5093909-9;"Javiera Barrera Duarte";2026;9;05-09-26;35000;0;35000;atrasado;;;"run_socio_titular no es valido"
5238;5093909-9;"Javiera Barrera Duarte";2026;10;05-10-26;35000;0;35000;pagado;04-10-26;tarjeta_credito;"run_socio_titular no es valido"
5239;5093909-9;"Javiera Barrera Duarte";2026;11;05-11-26;35000;0;35000;atrasado;;;"run_socio_titular no es valido"
5240;5093909-9;"Javiera Barrera Duarte";2026;12;05-12-26;35000;0;35000;pagado;01-12-26;efectivo;"run_socio_titular no es valido"
5241;19556227-9;"Mauricio Fuentes Contreras";2026;1;05-01-26;35000;0;35000;pagado;03-01-26;transferencia;"run_socio_titular no es valido"
5242;19556227-9;"Mauricio Fuentes Contreras";2026;2;05-02-26;35000;0;35000;atrasado;;;"run_socio_titular no es valido"
5243;19556227-9;"Juan Gonzalez";2026;3;05-03-26;35000;0;35000;pagado;05-03-26;tarjeta_credito;"run_socio_titular no es valido"
5244;19556227-9;"Mauricio Fuentes Contreras";2026;4;05-04-26;35000;0;35000;atrasado;;;"run_socio_titular no es valido"
5245;19556227-9;"Mauricio Fuentes Contreras";2026;5;05-05-26;35000;0;35000;pagado;01-05-26;efectivo;"run_socio_titular no es valido"
5246;19556227-9;"Mauricio Fuentes Contreras";2026;6;05-06-26;35000;0;35000;atrasado;;;"run_socio_titular no es valido"
5247;19556227-9;"Mauricio Fuentes Contreras";2026;7;05-07-26;35000;0;35000;pagado;04-07-26;transferencia;"run_socio_titular no es valido"
5248;19556227-9;"Mauricio Fuentes Contreras";2026;8;05-08-26;35000;0;35000;atrasado;;;"run_socio_titular no es valido"
5249;19556227-9;"Mauricio Fuentes Contreras";2026;9;05-09-26;35000;0;35000;pagado;01-09-26;tarjeta_credito;"run_socio_titular no es valido"
5250;19556227-9;"Mauricio Fuentes Contreras";2026;10;05-10-26;35000;0;35000;atrasado;;;"run_socio_titular no es valido"
5251;19556227-9;"Mauricio Fuentes Contreras";2026;11;05-11-26;35000;0;35000;pagado;03-11-26;efectivo;"run_socio_titular no es valido"
5252;19556227-9;"Mauricio Fuentes Contreras";2026;12;05-12-26;35000;0;35000;atrasado;;;"run_socio_titular no es valido"
5253;17877848-0;"Mauricio Henriquez Espinoza";2026;1;05-01-26;35000;0;35000;atrasado;;;"run_socio_titular no es valido"
5254;17877848-0;"Mauricio Henriquez Espinoza";2026;2;05-02-26;35000;0;35000;pagado;02-02-26;transferencia;"run_socio_titular no es valido"
5255;17877848-0;"Mauricio Henriquez Espinoza";2026;3;05-03-26;35000;0;35000;atrasado;;;"run_socio_titular no es valido"
5256;17877848-0;"Camila Gonzalez";2026;4;05-04-26;35000;0;35000;pagado;04-04-26;tarjeta_credito;"run_socio_titular no es valido"
5257;17877848-0;"Mauricio Henriquez Espinoza";2026;5;05-05-26;35000;0;35000;atrasado;;;"run_socio_titular no es valido"
5258;17877848-0;"Mauricio Henriquez Espinoza";2026;6;05-06-26;35000;0;35000;pagado;04-06-26;efectivo;"run_socio_titular no es valido"
5259;17877848-0;"Mauricio Henriquez Espinoza";2026;7;05-07-26;35000;0;35000;atrasado;;;"run_socio_titular no es valido"
5260;17877848-0;"Mauricio Henriquez Espinoza";2026;8;05-08-26;35000;0;35000;pagado;05-08-26;transferencia;"run_socio_titular no es valido"
5261;17877848-0;"Mauricio Henriquez Espinoza";2026;9;05-09-26;35000;0;35000;atrasado;;;"run_socio_titular no es valido"
5262;17877848-0;"Mauricio Henriquez Espinoza";2026;10;05-10-26;35000;0;35000;pagado;03-10-26;tarjeta_credito;"run_socio_titular no es valido"
5263;17877848-0;"Mauricio Henriquez Espinoza";2026;11;05-11-26;35000;0;35000;atrasado;;;"run_socio_titular no es valido"
5264;17877848-0;"Mauricio Henriquez Espinoza";2026;12;05-12-26;35000;0;35000;pagado;01-12-26;efectivo;"run_socio_titular no es valido"
5301;8054887-4;"Daniela Quezada Espinoza";2026;1;05-01-26;35000;0;35000;atrasado;;;"run_socio_titular no es valido"
5302;8054887-4;"Daniela Quezada Espinoza";2026;2;05-02-26;35000;0;35000;pagado;01-02-26;transferencia;"run_socio_titular no es valido"
5303;8054887-4;"Daniela Quezada Espinoza";2026;3;05-03-26;35000;0;35000;atrasado;;;"run_socio_titular no es valido"
5304;8054887-4;"Daniela Quezada Espinoza";2026;4;05-04-26;35000;0;35000;pagado;02-04-26;tarjeta_credito;"run_socio_titular no es valido"
5305;8054887-4;"Daniela Quezada Espinoza";2026;5;05-05-26;35000;0;35000;atrasado;;;"run_socio_titular no es valido"
5306;8054887-4;"Daniela Quezada Espinoza";2026;6;05-06-26;35000;0;35000;pagado;04-06-26;efectivo;"run_socio_titular no es valido"
5307;8054887-4;"Daniela Quezada Espinoza";2026;7;05-07-26;35000;0;35000;atrasado;;;"run_socio_titular no es valido"
5308;8054887-4;"Daniela Quezada Espinoza";2026;8;05-08-26;35000;0;35000;pagado;02-08-26;transferencia;"run_socio_titular no es valido"
5309;8054887-4;"Daniela Quezada Espinoza";2026;9;05-09-26;35000;0;35000;atrasado;;;"run_socio_titular no es valido"
5310;8054887-4;"Daniela Quezada Espinoza";2026;10;05-10-26;35000;0;35000;pagado;03-10-26;tarjeta_credito;"run_socio_titular no es valido"
5311;8054887-4;"Daniela Quezada Espinoza";2026;11;05-11-26;35000;0;35000;atrasado;;;"run_socio_titular no es valido"
5312;8054887-4;"Daniela Quezada Espinoza";2026;12;05-12-26;35000;0;35000;pagado;01-12-26;efectivo;"run_socio_titular no es valido"
5313;6344903-3;"Ignacio Pardo Pardo";2026;1;05-01-26;35000;0;35000;pagado;03-01-26;transferencia;"run_socio_titular no es valido"
5314;6344903-3;"Ignacio Pardo Pardo";2026;2;05-02-26;35000;0;35000;atrasado;;;"run_socio_titular no es valido"
5315;6344903-3;"Ignacio Pardo Pardo";2026;3;05-03-26;35000;0;35000;pagado;04-03-26;tarjeta_credito;"run_socio_titular no es valido"
5316;6344903-3;"Ignacio Pardo Pardo";2026;4;05-04-26;35000;0;35000;atrasado;;;"run_socio_titular no es valido"
5317;6344903-3;"Ignacio Pardo Pardo";2026;5;05-05-26;35000;0;35000;pagado;05-05-26;efectivo;"run_socio_titular no es valido"
5318;6344903-3;"Ignacio Pardo Pardo";2026;6;05-06-26;35000;0;35000;atrasado;;;"run_socio_titular no es valido"
5319;6344903-3;"Ignacio Pardo Pardo";2026;7;05-07-26;35000;0;35000;pagado;01-07-26;transferencia;"run_socio_titular no es valido"
5320;6344903-3;"Ignacio Pardo Pardo";2026;8;05-08-26;35000;0;35000;atrasado;;;"run_socio_titular no es valido"
5321;6344903-3;"Ignacio Pardo Pardo";2026;9;05-09-26;35000;0;35000;pagado;02-09-26;tarjeta_credito;"run_socio_titular no es valido"
5322;6344903-3;"Ignacio Pardo Pardo";2026;10;05-10-26;35000;0;35000;atrasado;;;"run_socio_titular no es valido"
5323;6344903-3;"Ignacio Pardo Pardo";2026;11;05-11-26;35000;0;35000;pagado;03-11-26;efectivo;"run_socio_titular no es valido"
5324;6344903-3;"Ignacio Pardo Pardo";2026;12;05-12-26;35000;0;35000;atrasado;;;"run_socio_titular no es valido"
5325;6016578-3;"Natalia Galdames Contreras";2026;1;05-01-26;35000;0;35000;atrasado;;;"run_socio_titular no es valido"
5326;6016578-3;"Natalia Galdames Contreras";2026;2;05-02-26;35000;0;35000;pagado;04-02-26;transferencia;"run_socio_titular no es valido"
5327;6016578-3;"Natalia Galdames Contreras";2026;3;05-03-26;35000;0;35000;atrasado;;;"run_socio_titular no es valido"
5328;6016578-3;"Natalia Galdames Contreras";2026;4;05-04-26;35000;0;35000;pagado;01-04-26;tarjeta_credito;"run_socio_titular no es valido"
5329;6016578-3;"Natalia Galdames Contreras";2026;5;05-05-26;35000;0;35000;atrasado;;;"run_socio_titular no es valido"
5330;6016578-3;"Natalia Galdames Contreras";2026;6;05-06-26;35000;0;35000;pagado;02-06-26;efectivo;"run_socio_titular no es valido"
5331;6016578-3;"Natalia Galdames Contreras";2026;7;05-07-26;35000;0;35000;atrasado;;;"run_socio_titular no es valido"
5332;6016578-3;"Natalia Galdames Contreras";2026;8;05-08-26;35000;0;35000;pagado;05-08-26;transferencia;"run_socio_titular no es valido"
5333;6016578-3;"Natalia Galdames Contreras";2026;9;05-09-26;35000;0;35000;atrasado;;;"run_socio_titular no es valido"
5334;6016578-3;"Natalia Galdames Contreras";2026;10;05-10-26;35000;0;35000;pagado;04-10-26;tarjeta_credito;"run_socio_titular no es valido"
5335;6016578-3;"Natalia Galdames Contreras";2026;11;05-11-26;35000;0;35000;atrasado;;;"run_socio_titular no es valido"
5336;6016578-3;"Natalia Galdames Contreras";2026;12;05-12-26;35000;0;35000;pagado;03-12-26;efectivo;"run_socio_titular no es valido"
5337;21896425-6;"Beatriz Galdames Espinoza";2026;1;05-01-26;35000;0;35000;pagado;05-01-26;transferencia;"run_socio_titular no es valido"
5338;21896425-6;"Beatriz Galdames Espinoza";2026;2;05-02-26;35000;0;35000;atrasado;;;"run_socio_titular no es valido"
5339;21896425-6;"Beatriz Galdames Espinoza";2026;3;05-03-26;35000;0;35000;pagado;02-03-26;tarjeta_credito;"run_socio_titular no es valido"
5340;21896425-6;"Beatriz Galdames Espinoza";2026;4;05-04-26;35000;0;35000;atrasado;;;"run_socio_titular no es valido"
5341;21896425-6;"Beatriz Galdames Espinoza";2026;5;05-05-26;35000;0;35000;pagado;04-05-26;efectivo;"run_socio_titular no es valido"
5342;21896425-6;"Beatriz Galdames Espinoza";2026;6;05-06-26;35000;0;35000;atrasado;;;"run_socio_titular no es valido"
5343;21896425-6;"Beatriz Galdames Espinoza";2026;7;05-07-26;35000;0;35000;pagado;01-07-26;transferencia;"run_socio_titular no es valido"
5344;21896425-6;"Beatriz Galdames Espinoza";2026;8;05-08-26;35000;0;35000;atrasado;;;"run_socio_titular no es valido"
5345;21896425-6;"Beatriz Galdames Espinoza";2026;9;05-09-26;35000;0;35000;pagado;03-09-26;tarjeta_credito;"run_socio_titular no es valido"
5346;21896425-6;"Beatriz Galdames Espinoza";2026;10;05-10-26;35000;0;35000;atrasado;;;"run_socio_titular no es valido"
5347;21896425-6;"Beatriz Galdames Espinoza";2026;11;05-11-26;35000;0;35000;pagado;01-11-26;efectivo;"run_socio_titular no es valido"
5348;21896425-6;"Beatriz Galdames Espinoza";2026;12;05-12-26;35000;0;35000;atrasado;;;"run_socio_titular no es valido"
5397;18257455-3;"Kevin Iturra Nuñez";2026;1;05-01-26;35000;0;35000;atrasado;;;"run_socio_titular no es valido"
5398;18257455-3;"Kevin Iturra Nuñez";2026;2;05-02-26;35000;0;35000;pagado;01-02-26;transferencia;"run_socio_titular no es valido"
5399;18257455-3;"Kevin Iturra Nuñez";2026;3;05-03-26;35000;0;35000;atrasado;;;"run_socio_titular no es valido"
5400;18257455-3;"Kevin Iturra Nuñez";2026;4;05-04-26;35000;0;35000;pagado;04-04-26;tarjeta_credito;"run_socio_titular no es valido"
5401;18257455-3;"Kevin Iturra Nuñez";2026;5;05-05-26;35000;0;35000;atrasado;;;"run_socio_titular no es valido"
5402;18257455-3;"Kevin Iturra Nuñez";2026;6;05-06-26;35000;0;35000;pagado;05-06-26;efectivo;"run_socio_titular no es valido"
5403;18257455-3;"Kevin Iturra Nuñez";2026;7;05-07-26;35000;0;35000;atrasado;;;"run_socio_titular no es valido"
5404;18257455-3;"Kevin Iturra Nuñez";2026;8;05-08-26;35000;0;35000;pagado;02-08-26;transferencia;"run_socio_titular no es valido"
5405;18257455-3;"Kevin Iturra Nuñez";2026;9;05-09-26;35000;0;35000;atrasado;;;"run_socio_titular no es valido"
5406;18257455-3;"Kevin Iturra Nuñez";2026;10;05-10-26;35000;0;35000;pagado;03-10-26;tarjeta_credito;"run_socio_titular no es valido"
5407;18257455-3;"Kevin Iturra Nuñez";2026;11;05-11-26;35000;0;35000;atrasado;;;"run_socio_titular no es valido"
5408;18257455-3;"Sofia Gonzalez";2026;12;05-12-26;35000;0;35000;pagado;02-12-26;efectivo;"run_socio_titular no es valido"
5409;13588977-8;"Oscar Quezada Ortiz";2026;1;05-01-26;35000;0;35000;pagado;03-01-26;transferencia;"run_socio_titular no es valido"
5410;13588977-8;"Oscar Quezada Ortiz";2026;2;05-02-26;35000;0;35000;atrasado;;;"run_socio_titular no es valido"
5411;13588977-8;"Oscar Quezada Ortiz";2026;3;05-03-26;35000;0;35000;pagado;01-03-26;tarjeta_credito;"run_socio_titular no es valido"
5412;13588977-8;"Oscar Quezada Ortiz";2026;4;05-04-26;35000;0;35000;atrasado;;;"run_socio_titular no es valido"
5413;13588977-8;"Oscar Quezada Ortiz";2026;5;05-05-26;35000;0;35000;pagado;04-05-26;efectivo;"run_socio_titular no es valido"
5414;13588977-8;"Oscar Quezada Ortiz";2026;6;05-06-26;35000;0;35000;atrasado;;;"run_socio_titular no es valido"
5415;13588977-8;"Oscar Quezada Ortiz";2026;7;05-07-26;35000;0;35000;pagado;05-07-26;transferencia;"run_socio_titular no es valido"
5416;13588977-8;"Oscar Quezada Ortiz";2026;8;05-08-26;35000;0;35000;atrasado;;;"run_socio_titular no es valido"
5417;13588977-8;"Oscar Quezada Ortiz";2026;9;05-09-26;35000;0;35000;pagado;02-09-26;tarjeta_credito;"run_socio_titular no es valido"
5418;13588977-8;"Oscar Quezada Ortiz";2026;10;05-10-26;35000;0;35000;atrasado;;;"run_socio_titular no es valido"
5419;13588977-8;"Sofia Gonzalez";2026;11;05-11-26;35000;0;35000;pagado;01-11-26;efectivo;"run_socio_titular no es valido"
5420;13588977-8;"Oscar Quezada Ortiz";2026;12;05-12-26;35000;0;35000;atrasado;;;"run_socio_titular no es valido"
5421;9666051-2;"Helena Henriquez Fuentes";2026;1;05-01-26;35000;0;35000;atrasado;;;"run_socio_titular no es valido"
5422;9666051-2;"Helena Henriquez Fuentes";2026;2;05-02-26;35000;0;35000;pagado;02-02-26;transferencia;"run_socio_titular no es valido"
5423;9666051-2;"Helena Henriquez Fuentes";2026;3;05-03-26;35000;0;35000;atrasado;;;"run_socio_titular no es valido"
5424;9666051-2;"Helena Henriquez Fuentes";2026;4;05-04-26;35000;0;35000;pagado;05-04-26;tarjeta_credito;"run_socio_titular no es valido"
5425;9666051-2;"Helena Henriquez Fuentes";2026;5;05-05-26;35000;0;35000;atrasado;;;"run_socio_titular no es valido"
5426;9666051-2;"Helena Henriquez Fuentes";2026;6;05-06-26;35000;0;35000;pagado;03-06-26;efectivo;"run_socio_titular no es valido"
5427;9666051-2;"Helena Henriquez Fuentes";2026;7;05-07-26;35000;0;35000;atrasado;;;"run_socio_titular no es valido"
5428;9666051-2;"Helena Henriquez Fuentes";2026;8;05-08-26;35000;0;35000;pagado;01-08-26;transferencia;"run_socio_titular no es valido"
5429;9666051-2;"Helena Henriquez Fuentes";2026;9;05-09-26;35000;0;35000;atrasado;;;"run_socio_titular no es valido"
5430;9666051-2;"Helena Henriquez Fuentes";2026;10;05-10-26;35000;0;35000;pagado;02-10-26;tarjeta_credito;"run_socio_titular no es valido"
5431;9666051-2;"Helena Henriquez Fuentes";2026;11;05-11-26;35000;0;35000;atrasado;;;"run_socio_titular no es valido"
5432;9666051-2;"Helena Henriquez Fuentes";2026;12;05-12-26;35000;0;35000;pagado;04-12-26;efectivo;"run_socio_titular no es valido"
5445;19172678-6;"Patricia Jara Mendez";2026;1;05-01-26;35000;0;35000;atrasado;;;"run_socio_titular no es valido"
5446;19172678-6;"Patricia Jara Mendez";2026;2;05-02-26;35000;0;35000;pagado;02-02-26;transferencia;"run_socio_titular no es valido"
5447;19172678-6;"Patricia Jara Mendez";2026;3;05-03-26;35000;0;35000;atrasado;;;"run_socio_titular no es valido"
5448;19172678-6;"Patricia Jara Mendez";2026;4;05-04-26;35000;0;35000;pagado;05-04-26;tarjeta_credito;"run_socio_titular no es valido"
5449;19172678-6;"Patricia Jara Mendez";2026;5;05-05-26;35000;0;35000;atrasado;;;"run_socio_titular no es valido"
5450;19172678-6;"Patricia Jara Mendez";2026;6;05-06-26;35000;0;35000;pagado;03-06-26;efectivo;"run_socio_titular no es valido"
5451;19172678-6;"Patricia Jara Mendez";2026;7;05-07-26;35000;0;35000;atrasado;;;"run_socio_titular no es valido"
5452;19172678-6;"Patricia Jara Mendez";2026;8;05-08-26;35000;0;35000;pagado;01-08-26;transferencia;"run_socio_titular no es valido"
5453;19172678-6;"Patricia Jara Mendez";2026;9;05-09-26;35000;0;35000;atrasado;;;"run_socio_titular no es valido"
5454;19172678-6;"Patricia Jara Mendez";2026;10;05-10-26;35000;0;35000;pagado;02-10-26;tarjeta_credito;"run_socio_titular no es valido"
5455;19172678-6;"Patricia Jara Mendez";2026;11;05-11-26;35000;0;35000;atrasado;;;"run_socio_titular no es valido"
5456;19172678-6;"Patricia Jara Mendez";2026;12;05-12-26;35000;0;35000;pagado;04-12-26;efectivo;"run_socio_titular no es valido"
5469;6005570-0;"Helena Mendez Espinoza";2026;1;05-01-26;35000;0;35000;atrasado;;;"run_socio_titular no es valido"
5470;6005570-0;"Helena Mendez Espinoza";2026;2;05-02-26;35000;0;35000;pagado;05-02-26;transferencia;"run_socio_titular no es valido"
5471;6005570-0;"Helena Mendez Espinoza";2026;3;05-03-26;35000;0;35000;atrasado;;;"run_socio_titular no es valido"
5472;6005570-0;"Helena Mendez Espinoza";2026;4;05-04-26;35000;0;35000;pagado;02-04-26;tarjeta_credito;"run_socio_titular no es valido"
5473;6005570-0;"Helena Mendez Espinoza";2026;5;05-05-26;35000;0;35000;atrasado;;;"run_socio_titular no es valido"
5474;6005570-0;"Helena Mendez Espinoza";2026;6;05-06-26;35000;0;35000;pagado;01-06-26;efectivo;"run_socio_titular no es valido"
5475;6005570-0;"Helena Mendez Espinoza";2026;7;05-07-26;35000;0;35000;atrasado;;;"run_socio_titular no es valido"
5476;6005570-0;"Helena Mendez Espinoza";2026;8;05-08-26;35000;0;35000;pagado;04-08-26;transferencia;"run_socio_titular no es valido"
5477;6005570-0;"Helena Mendez Espinoza";2026;9;05-09-26;35000;0;35000;atrasado;;;"run_socio_titular no es valido"
5478;6005570-0;"Helena Mendez Espinoza";2026;10;05-10-26;35000;0;35000;pagado;03-10-26;tarjeta_credito;"run_socio_titular no es valido"
5479;6005570-0;"Helena Mendez Espinoza";2026;11;05-11-26;35000;0;35000;atrasado;;;"run_socio_titular no es valido"
5480;6005570-0;"Helena Mendez Espinoza";2026;12;05-12-26;35000;0;35000;pagado;02-12-26;efectivo;"run_socio_titular no es valido"
5481;21319100-3;"Alvaro Galdames Contreras";2026;1;05-01-26;35000;0;35000;pagado;03-01-26;transferencia;"run_socio_titular no es valido"
5482;21319100-3;"Alvaro Galdames Contreras";2026;2;05-02-26;35000;0;35000;atrasado;;;"run_socio_titular no es valido"
5483;21319100-3;"Alvaro Galdames Contreras";2026;3;05-03-26;35000;0;35000;pagado;01-03-26;tarjeta_credito;"run_socio_titular no es valido"
5484;21319100-3;"Alvaro Galdames Contreras";2026;4;05-04-26;35000;0;35000;atrasado;;;"run_socio_titular no es valido"
5485;21319100-3;"Alvaro Galdames Contreras";2026;5;05-05-26;35000;0;35000;pagado;05-05-26;efectivo;"run_socio_titular no es valido"
5486;21319100-3;"Alvaro Galdames Contreras";2026;6;05-06-26;35000;0;35000;atrasado;;;"run_socio_titular no es valido"
5487;21319100-3;"Alvaro Galdames Contreras";2026;7;05-07-26;35000;0;35000;pagado;01-07-26;transferencia;"run_socio_titular no es valido"
5488;21319100-3;"Alvaro Galdames Contreras";2026;8;05-08-26;35000;0;35000;atrasado;;;"run_socio_titular no es valido"
5489;21319100-3;"Alvaro Galdames Contreras";2026;9;05-09-26;35000;0;35000;pagado;02-09-26;tarjeta_credito;"run_socio_titular no es valido"
5490;21319100-3;"Alvaro Galdames Contreras";2026;10;05-10-26;35000;0;35000;atrasado;;;"run_socio_titular no es valido"
5491;21319100-3;"Alvaro Galdames Contreras";2026;11;05-11-26;35000;0;35000;pagado;04-11-26;efectivo;"run_socio_titular no es valido"
5492;21319100-3;"Alvaro Galdames Contreras";2026;12;05-12-26;35000;0;35000;atrasado;;;"run_socio_titular no es valido"
5493;19916691-4;"Kevin Quezada Barrera";2026;1;05-01-26;35000;0;35000;atrasado;;;"run_socio_titular no es valido"
5494;19916691-4;"Kevin Quezada Barrera";2026;2;05-02-26;35000;0;35000;pagado;04-02-26;transferencia;"run_socio_titular no es valido"
5495;19916691-4;"Kevin Quezada Barrera";2026;3;05-03-26;35000;0;35000;atrasado;;;"run_socio_titular no es valido"
5496;19916691-4;"Kevin Quezada Barrera";2026;4;05-04-26;35000;0;35000;pagado;02-04-26;tarjeta_credito;"run_socio_titular no es valido"
5497;19916691-4;"Kevin Quezada Barrera";2026;5;05-05-26;35000;0;35000;atrasado;;;"run_socio_titular no es valido"
5498;19916691-4;"Kevin Quezada Barrera";2026;6;05-06-26;35000;0;35000;pagado;05-06-26;efectivo;"run_socio_titular no es valido"
5499;19916691-4;"Kevin Quezada Barrera";2026;7;05-07-26;35000;0;35000;atrasado;;;"run_socio_titular no es valido"
5500;19916691-4;"Kevin Quezada Barrera";2026;8;05-08-26;35000;0;35000;pagado;01-08-26;transferencia;"run_socio_titular no es valido"
5501;19916691-4;"Kevin Quezada Barrera";2026;9;05-09-26;35000;0;35000;atrasado;;;"run_socio_titular no es valido"
5502;19916691-4;"Kevin Quezada Barrera";2026;10;05-10-26;35000;0;35000;pagado;02-10-26;tarjeta_credito;"run_socio_titular no es valido"
5503;19916691-4;"Kevin Quezada Barrera";2026;11;05-11-26;35000;0;35000;atrasado;;;"run_socio_titular no es valido"
5504;19916691-4;"Kevin Quezada Barrera";2026;12;05-12-26;35000;0;35000;pagado;04-12-26;efectivo;"run_socio_titular no es valido"
5505;6115597-9;"Javiera Barrera Mendez";2026;1;05-01-26;35000;0;35000;pagado;01-01-26;transferencia;"run_socio_titular no es valido"
5506;6115597-9;"Javiera Barrera Mendez";2026;2;05-02-26;35000;0;35000;atrasado;;;"run_socio_titular no es valido"
5507;6115597-9;"Javiera Barrera Mendez";2026;3;05-03-26;35000;0;35000;pagado;03-03-26;tarjeta_credito;"run_socio_titular no es valido"
5508;6115597-9;"Javiera Barrera Mendez";2026;4;05-04-26;35000;0;35000;atrasado;;;"run_socio_titular no es valido"
5509;6115597-9;"Javiera Barrera Mendez";2026;5;05-05-26;35000;0;35000;pagado;05-05-26;efectivo;"run_socio_titular no es valido"
5510;6115597-9;"Javiera Barrera Mendez";2026;6;05-06-26;35000;0;35000;atrasado;;;"run_socio_titular no es valido"
5511;6115597-9;"Javiera Barrera Mendez";2026;7;05-07-26;35000;0;35000;pagado;03-07-26;transferencia;"run_socio_titular no es valido"
5512;6115597-9;"Javiera Barrera Mendez";2026;8;05-08-26;35000;0;35000;atrasado;;;"run_socio_titular no es valido"
5513;6115597-9;"Javiera Barrera Mendez";2026;9;05-09-26;35000;0;35000;pagado;01-09-26;tarjeta_credito;"run_socio_titular no es valido"
5514;6115597-9;"Javiera Barrera Mendez";2026;10;05-10-26;35000;0;35000;atrasado;;;"run_socio_titular no es valido"
5515;6115597-9;"Javiera Barrera Mendez";2026;11;05-11-26;35000;0;35000;pagado;04-11-26;efectivo;"run_socio_titular no es valido"
5516;6115597-9;"Javiera Barrera Mendez";2026;12;05-12-26;35000;0;35000;atrasado;;;"run_socio_titular no es valido"
5589;7204671-7;"Patricia Espinoza Contreras";2026;1;05-01-26;35000;0;35000;atrasado;;;"run_socio_titular no es valido"
5590;7204671-7;"Patricia Espinoza Contreras";2026;2;05-02-26;35000;0;35000;pagado;04-02-26;transferencia;"run_socio_titular no es valido"
5591;7204671-7;"Patricia Espinoza Contreras";2026;3;05-03-26;35000;0;35000;atrasado;;;"run_socio_titular no es valido"
5592;7204671-7;"Patricia Espinoza Contreras";2026;4;05-04-26;35000;0;35000;pagado;03-04-26;tarjeta_credito;"run_socio_titular no es valido"
5593;7204671-7;"Patricia Espinoza Contreras";2026;5;05-05-26;35000;0;35000;atrasado;;;"run_socio_titular no es valido"
5594;7204671-7;"Patricia Espinoza Contreras";2026;6;05-06-26;35000;0;35000;pagado;01-06-26;efectivo;"run_socio_titular no es valido"
5595;7204671-7;"Patricia Espinoza Contreras";2026;7;05-07-26;35000;0;35000;atrasado;;;"run_socio_titular no es valido"
5596;7204671-7;"Patricia Espinoza Contreras";2026;8;05-08-26;35000;0;35000;pagado;05-08-26;transferencia;"run_socio_titular no es valido"
5597;7204671-7;"Patricia Espinoza Contreras";2026;9;05-09-26;35000;0;35000;atrasado;;;"run_socio_titular no es valido"
5598;7204671-7;"Juan Perez";2026;10;05-10-26;35000;0;35000;pagado;02-10-26;tarjeta_credito;"run_socio_titular no es valido"
5599;7204671-7;"Patricia Espinoza Contreras";2026;11;05-11-26;35000;0;35000;atrasado;;;"run_socio_titular no es valido"
5600;7204671-7;"Patricia Espinoza Contreras";2026;12;05-12-26;35000;0;35000;pagado;04-12-26;efectivo;"run_socio_titular no es valido"
5601;22279269-1;"Mauricio Duarte Ortiz";2026;1;05-01-26;35000;0;35000;pagado;01-01-26;transferencia;"run_socio_titular no es valido"
5602;22279269-1;"Mauricio Duarte Ortiz";2026;2;05-02-26;35000;0;35000;atrasado;;;"run_socio_titular no es valido"
5603;22279269-1;"Mauricio Duarte Ortiz";2026;3;05-03-26;35000;0;35000;pagado;04-03-26;tarjeta_credito;"run_socio_titular no es valido"
5604;22279269-1;"Mauricio Duarte Ortiz";2026;4;05-04-26;35000;0;35000;atrasado;;;"run_socio_titular no es valido"
5605;22279269-1;"Mauricio Duarte Ortiz";2026;5;05-05-26;35000;0;35000;pagado;03-05-26;efectivo;"run_socio_titular no es valido"
5606;22279269-1;"Mauricio Duarte Ortiz";2026;6;05-06-26;35000;0;35000;atrasado;;;"run_socio_titular no es valido"
5607;22279269-1;"Mauricio Duarte Ortiz";2026;7;05-07-26;35000;0;35000;pagado;05-07-26;transferencia;"run_socio_titular no es valido"
5608;22279269-1;"Mauricio Duarte Ortiz";2026;8;05-08-26;35000;0;35000;atrasado;;;"run_socio_titular no es valido"
5609;22279269-1;"Mauricio Duarte Ortiz";2026;9;05-09-26;35000;0;35000;pagado;01-09-26;tarjeta_credito;"run_socio_titular no es valido"
5610;22279269-1;"Mauricio Duarte Ortiz";2026;10;05-10-26;35000;0;35000;atrasado;;;"run_socio_titular no es valido"
5611;22279269-1;"Mauricio Duarte Ortiz";2026;11;05-11-26;35000;0;35000;pagado;04-11-26;efectivo;"run_socio_titular no es valido"
5612;22279269-1;"Mauricio Duarte Ortiz";2026;12;05-12-26;35000;0;35000;atrasado;;;"run_socio_titular no es valido"
5637;10140560-1;"Beatriz Iturra Alvarez";2026;1;05-01-26;35000;0;35000;atrasado;;;"run_socio_titular no es valido"
5638;10140560-1;"Beatriz Iturra Alvarez";2026;2;05-02-26;35000;0;35000;pagado;01-02-26;transferencia;"run_socio_titular no es valido"
5639;10140560-1;"Beatriz Iturra Alvarez";2026;3;05-03-26;35000;0;35000;atrasado;;;"run_socio_titular no es valido"
5640;10140560-1;"Beatriz Iturra Alvarez";2026;4;05-04-26;35000;0;35000;pagado;03-04-26;tarjeta_credito;"run_socio_titular no es valido"
5641;10140560-1;"Beatriz Iturra Alvarez";2026;5;05-05-26;35000;0;35000;atrasado;;;"run_socio_titular no es valido"
5642;10140560-1;"Beatriz Iturra Alvarez";2026;6;05-06-26;35000;0;35000;pagado;05-06-26;efectivo;"run_socio_titular no es valido"
5643;10140560-1;"Beatriz Iturra Alvarez";2026;7;05-07-26;35000;0;35000;atrasado;;;"run_socio_titular no es valido"
5644;10140560-1;"Beatriz Iturra Alvarez";2026;8;05-08-26;35000;0;35000;pagado;02-08-26;transferencia;"run_socio_titular no es valido"
5645;10140560-1;"Beatriz Iturra Alvarez";2026;9;05-09-26;35000;0;35000;atrasado;;;"run_socio_titular no es valido"
5646;10140560-1;"Beatriz Iturra Alvarez";2026;10;05-10-26;35000;0;35000;pagado;04-10-26;tarjeta_credito;"run_socio_titular no es valido"
5647;10140560-1;"Beatriz Iturra Alvarez";2026;11;05-11-26;35000;0;35000;atrasado;;;"run_socio_titular no es valido"
5648;10140560-1;"Beatriz Iturra Alvarez";2026;12;05-12-26;35000;0;35000;pagado;01-12-26;efectivo;"run_socio_titular no es valido"
5661;19305751-7;"Enrique Duarte Nuñez";2026;1;05-01-26;35000;0;35000;atrasado;;;"run_socio_titular no es valido"
5662;19305751-7;"Enrique Duarte Nuñez";2026;2;05-02-26;35000;0;35000;pagado;03-02-26;transferencia;"run_socio_titular no es valido"
5663;19305751-7;"Enrique Duarte Nuñez";2026;3;05-03-26;35000;0;35000;atrasado;;;"run_socio_titular no es valido"
5664;19305751-7;"Enrique Duarte Nuñez";2026;4;05-04-26;35000;0;35000;pagado;05-04-26;tarjeta_credito;"run_socio_titular no es valido"
5665;19305751-7;"Enrique Duarte Nuñez";2026;5;05-05-26;35000;0;35000;atrasado;;;"run_socio_titular no es valido"
5666;19305751-7;"Enrique Duarte Nuñez";2026;6;05-06-26;35000;0;35000;pagado;02-06-26;efectivo;"run_socio_titular no es valido"
5667;19305751-7;"Enrique Duarte Nuñez";2026;7;05-07-26;35000;0;35000;atrasado;;;"run_socio_titular no es valido"
5668;19305751-7;"Enrique Duarte Nuñez";2026;8;05-08-26;35000;0;35000;pagado;04-08-26;transferencia;"run_socio_titular no es valido"
5669;19305751-7;"Enrique Duarte Nuñez";2026;9;05-09-26;35000;0;35000;atrasado;;;"run_socio_titular no es valido"
5670;19305751-7;"Enrique Duarte Nuñez";2026;10;05-10-26;35000;0;35000;pagado;01-10-26;tarjeta_credito;"run_socio_titular no es valido"
5671;19305751-7;"Enrique Duarte Nuñez";2026;11;05-11-26;35000;0;35000;atrasado;;;"run_socio_titular no es valido"
5672;19305751-7;"Enrique Duarte Nuñez";2026;12;05-12-26;35000;0;35000;pagado;05-12-26;efectivo;"run_socio_titular no es valido"
5685;24377951-9;"Ignacio Mendez Henriquez";2026;1;05-01-26;35000;0;35000;atrasado;;;"run_socio_titular no es valido"
5686;24377951-9;"Ignacio Mendez Henriquez";2026;2;05-02-26;35000;0;35000;pagado;02-02-26;transferencia;"run_socio_titular no es valido"
5687;24377951-9;"Ignacio Mendez Henriquez";2026;3;05-03-26;35000;0;35000;atrasado;;;"run_socio_titular no es valido"
5688;24377951-9;"Ignacio Mendez Henriquez";2026;4;05-04-26;35000;0;35000;pagado;01-04-26;tarjeta_credito;"run_socio_titular no es valido"
5689;24377951-9;"Ignacio Mendez Henriquez";2026;5;05-05-26;35000;0;35000;atrasado;;;"run_socio_titular no es valido"
5690;24377951-9;"Ignacio Mendez Henriquez";2026;6;05-06-26;35000;0;35000;pagado;04-06-26;efectivo;"run_socio_titular no es valido"
5691;24377951-9;"Ignacio Mendez Henriquez";2026;7;05-07-26;35000;0;35000;atrasado;;;"run_socio_titular no es valido"
5692;24377951-9;"Ignacio Mendez Henriquez";2026;8;05-08-26;35000;0;35000;pagado;03-08-26;transferencia;"run_socio_titular no es valido"
5693;24377951-9;"Ignacio Mendez Henriquez";2026;9;05-09-26;35000;0;35000;atrasado;;;"run_socio_titular no es valido"
5694;24377951-9;"Ignacio Mendez Henriquez";2026;10;05-10-26;35000;0;35000;pagado;05-10-26;tarjeta_credito;"run_socio_titular no es valido"
5695;24377951-9;"Ignacio Mendez Henriquez";2026;11;05-11-26;35000;0;35000;atrasado;;;"run_socio_titular no es valido"
5696;24377951-9;"Ignacio Mendez Henriquez";2026;12;05-12-26;35000;0;35000;pagado;01-12-26;efectivo;"run_socio_titular no es valido"
5697;9915422-3;"Alvaro Pardo Nuñez";2026;1;05-01-26;35000;0;35000;pagado;01-01-26;transferencia;"run_socio_titular no es valido"
5698;9915422-3;"Alvaro Pardo Nuñez";2026;2;05-02-26;35000;0;35000;atrasado;;;"run_socio_titular no es valido"
5699;9915422-3;"Alvaro Pardo Nuñez";2026;3;05-03-26;35000;0;35000;pagado;04-03-26;tarjeta_credito;"run_socio_titular no es valido"
5700;9915422-3;"Alvaro Pardo Nuñez";2026;4;05-04-26;35000;0;35000;atrasado;;;"run_socio_titular no es valido"
5701;9915422-3;"Alvaro Pardo Nuñez";2026;5;05-05-26;35000;0;35000;pagado;02-05-26;efectivo;"run_socio_titular no es valido"
5702;9915422-3;"Alvaro Pardo Nuñez";2026;6;05-06-26;35000;0;35000;atrasado;;;"run_socio_titular no es valido"
5703;9915422-3;"Alvaro Pardo Nuñez";2026;7;05-07-26;35000;0;35000;pagado;05-07-26;transferencia;"run_socio_titular no es valido"
5704;9915422-3;"Alvaro Pardo Nuñez";2026;8;05-08-26;35000;0;35000;atrasado;;;"run_socio_titular no es valido"
5705;9915422-3;"Alvaro Pardo Nuñez";2026;9;05-09-26;35000;0;35000;pagado;01-09-26;tarjeta_credito;"run_socio_titular no es valido"
5706;9915422-3;"Alvaro Pardo Nuñez";2026;10;05-10-26;35000;0;35000;atrasado;;;"run_socio_titular no es valido"
5707;9915422-3;"Alvaro Pardo Nuñez";2026;11;05-11-26;35000;0;35000;pagado;03-11-26;efectivo;"run_socio_titular no es valido"
5708;9915422-3;"Alvaro Pardo Nuñez";2026;12;05-12-26;35000;0;35000;atrasado;;;"run_socio_titular no es valido"
5721;22109010-5;"Javiera Contreras Henriquez";2026;1;05-01-26;35000;0;35000;pagado;03-01-26;transferencia;"run_socio_titular no es valido"
5722;22109010-5;"Javiera Contreras Henriquez";2026;2;05-02-26;35000;0;35000;atrasado;;;"run_socio_titular no es valido"
5723;22109010-5;"Javiera Contreras Henriquez";2026;3;05-03-26;35000;0;35000;pagado;05-03-26;tarjeta_credito;"run_socio_titular no es valido"
5724;22109010-5;"Javiera Contreras Henriquez";2026;4;05-04-26;35000;0;35000;atrasado;;;"run_socio_titular no es valido"
5725;22109010-5;"Javiera Contreras Henriquez";2026;5;05-05-26;35000;0;35000;pagado;01-05-26;efectivo;"run_socio_titular no es valido"
5726;22109010-5;"Javiera Contreras Henriquez";2026;6;05-06-26;35000;0;35000;atrasado;;;"run_socio_titular no es valido"
5727;22109010-5;"Javiera Contreras Henriquez";2026;7;05-07-26;35000;0;35000;pagado;04-07-26;transferencia;"run_socio_titular no es valido"
5728;22109010-5;"Javiera Contreras Henriquez";2026;8;05-08-26;35000;0;35000;atrasado;;;"run_socio_titular no es valido"
5729;22109010-5;"Maria Gonzalez";2026;9;05-09-26;35000;0;35000;pagado;01-09-26;tarjeta_credito;"run_socio_titular no es valido"
5730;22109010-5;"Javiera Contreras Henriquez";2026;10;05-10-26;35000;0;35000;atrasado;;;"run_socio_titular no es valido"
5731;22109010-5;"Javiera Contreras Henriquez";2026;11;05-11-26;35000;0;35000;pagado;03-11-26;efectivo;"run_socio_titular no es valido"
5732;22109010-5;"Javiera Contreras Henriquez";2026;12;05-12-26;35000;0;35000;atrasado;;;"run_socio_titular no es valido"
5733;11166446-1;"Ana Gonzalez";2026;1;05-01-26;35000;0;35000;atrasado;;;"run_socio_titular no es valido"
5734;11166446-1;"Oscar Galdames Lagos";2026;2;05-02-26;35000;0;35000;pagado;02-02-26;transferencia;"run_socio_titular no es valido"
5735;11166446-1;"Oscar Galdames Lagos";2026;3;05-03-26;35000;0;35000;atrasado;;;"run_socio_titular no es valido"
5736;11166446-1;"Oscar Galdames Lagos";2026;4;05-04-26;35000;0;35000;pagado;02-04-26;tarjeta_credito;"run_socio_titular no es valido"
5737;11166446-1;"Oscar Galdames Lagos";2026;5;05-05-26;35000;0;35000;atrasado;;;"run_socio_titular no es valido"
5738;11166446-1;"Oscar Galdames Lagos";2026;6;05-06-26;35000;0;35000;pagado;05-06-26;efectivo;"run_socio_titular no es valido"
5739;11166446-1;"Oscar Galdames Lagos";2026;7;05-07-26;35000;0;35000;atrasado;;;"run_socio_titular no es valido"
5740;11166446-1;"Oscar Galdames Lagos";2026;8;05-08-26;35000;0;35000;pagado;04-08-26;transferencia;"run_socio_titular no es valido"
5741;11166446-1;"Oscar Galdames Lagos";2026;9;05-09-26;35000;0;35000;atrasado;;;"run_socio_titular no es valido"
5742;11166446-1;"Oscar Galdames Lagos";2026;10;05-10-26;35000;0;35000;pagado;01-10-26;tarjeta_credito;"run_socio_titular no es valido"
5743;11166446-1;"Oscar Galdames Lagos";2026;11;05-11-26;35000;0;35000;atrasado;;;"run_socio_titular no es valido"
5744;11166446-1;"Oscar Galdames Lagos";2026;12;05-12-26;35000;0;35000;pagado;03-12-26;efectivo;"run_socio_titular no es valido"
5757;11689866-0;"Ignacio Barrera Alvarez";2026;1;05-01-26;35000;0;35000;atrasado;;;"run_socio_titular no es valido"
5758;11689866-0;"Ignacio Barrera Alvarez";2026;2;05-02-26;35000;0;35000;pagado;04-02-26;transferencia;"run_socio_titular no es valido"
5759;11689866-0;"Ignacio Barrera Alvarez";2026;3;05-03-26;35000;0;35000;atrasado;;;"run_socio_titular no es valido"
5760;11689866-0;"Ignacio Barrera Alvarez";2026;4;05-04-26;35000;0;35000;pagado;01-04-26;tarjeta_credito;"run_socio_titular no es valido"
5761;11689866-0;"Ignacio Barrera Alvarez";2026;5;05-05-26;35000;0;35000;atrasado;;;"run_socio_titular no es valido"
5762;11689866-0;"Ignacio Barrera Alvarez";2026;6;05-06-26;35000;0;35000;pagado;02-06-26;efectivo;"run_socio_titular no es valido"
5763;11689866-0;"Ignacio Barrera Alvarez";2026;7;05-07-26;35000;0;35000;atrasado;;;"run_socio_titular no es valido"
5764;11689866-0;"Ignacio Barrera Alvarez";2026;8;05-08-26;35000;0;35000;pagado;05-08-26;transferencia;"run_socio_titular no es valido"
5765;11689866-0;"Ignacio Barrera Alvarez";2026;9;05-09-26;35000;0;35000;atrasado;;;"run_socio_titular no es valido"
5766;11689866-0;"Ignacio Barrera Alvarez";2026;10;05-10-26;35000;0;35000;pagado;03-10-26;tarjeta_credito;"run_socio_titular no es valido"
5767;11689866-0;"Ignacio Barrera Alvarez";2026;11;05-11-26;35000;0;35000;atrasado;;;"run_socio_titular no es valido"
5768;11689866-0;"Ignacio Barrera Alvarez";2026;12;05-12-26;35000;0;35000;pagado;01-12-26;efectivo;"run_socio_titular no es valido"
5769;16809928-4;"Natalia Barrera Barrera";2026;1;05-01-26;35000;0;35000;pagado;05-01-26;transferencia;"run_socio_titular no es valido"
5770;16809928-4;"Natalia Barrera Barrera";2026;2;05-02-26;35000;0;35000;atrasado;;;"run_socio_titular no es valido"
5771;16809928-4;"Natalia Barrera Barrera";2026;3;05-03-26;35000;0;35000;pagado;02-03-26;tarjeta_credito;"run_socio_titular no es valido"
5772;16809928-4;"Natalia Barrera Barrera";2026;4;05-04-26;35000;0;35000;atrasado;;;"run_socio_titular no es valido"
5773;16809928-4;"Natalia Barrera Barrera";2026;5;05-05-26;35000;0;35000;pagado;04-05-26;efectivo;"run_socio_titular no es valido"
5774;16809928-4;"Natalia Barrera Barrera";2026;6;05-06-26;35000;0;35000;atrasado;;;"run_socio_titular no es valido"
5775;16809928-4;"Natalia Barrera Barrera";2026;7;05-07-26;35000;0;35000;pagado;01-07-26;transferencia;"run_socio_titular no es valido"
5776;16809928-4;"Natalia Barrera Barrera";2026;8;05-08-26;35000;0;35000;atrasado;;;"run_socio_titular no es valido"
5777;16809928-4;"Natalia Barrera Barrera";2026;9;05-09-26;35000;0;35000;pagado;03-09-26;tarjeta_credito;"run_socio_titular no es valido"
5778;16809928-4;"Natalia Barrera Barrera";2026;10;05-10-26;35000;0;35000;atrasado;;;"run_socio_titular no es valido"
5779;16809928-4;"Natalia Barrera Barrera";2026;11;05-11-26;35000;0;35000;pagado;01-11-26;efectivo;"run_socio_titular no es valido"
5780;16809928-4;"Natalia Barrera Barrera";2026;12;05-12-26;35000;0;35000;atrasado;;;"run_socio_titular no es valido"
5781;17615166-6;"Ignacio Iturra Alvarez";2026;1;05-01-26;35000;0;35000;atrasado;;;"run_socio_titular no es valido"
5782;17615166-6;"Ignacio Iturra Alvarez";2026;2;05-02-26;35000;0;35000;pagado;02-02-26;transferencia;"run_socio_titular no es valido"
5783;17615166-6;"Ignacio Iturra Alvarez";2026;3;05-03-26;35000;0;35000;atrasado;;;"run_socio_titular no es valido"
5784;17615166-6;"Ignacio Iturra Alvarez";2026;4;05-04-26;35000;0;35000;pagado;05-04-26;tarjeta_credito;"run_socio_titular no es valido"
5785;17615166-6;"Ignacio Iturra Alvarez";2026;5;05-05-26;35000;0;35000;atrasado;;;"run_socio_titular no es valido"
