pago_id;run_socio_titular;nombre_socio_titular;anio_membresia;mes_cuota;fecha_vencimiento;monto_membresia;monto_adicionales;monto_total;estado_pago;fecha_pago;medio_pago
1;24887596-8;"Mauricio Barrera Duarte";2025;1;2025-01-05;25000;0;25000;pagado;2025-01-03;transferencia
2;24887596-8;"Mauricio Barrera Duarte";2025;2;2025-02-05;25000;5000;30000;pagado;2025-02-04;tarjeta
3;24887596-8;"Mauricio Barrera Duarte";2025;3;2025-03-05;25000;12000;37000;pagado;2025-03-01;transferencia
4;24887596-8;"Mauricio Barrera Duarte";2025;4;2025-04-05;25000;5000;30000;pagado;2025-04-05;tarjeta
5;24887596-8;"Mauricio Barrera Duarte";2025;5;2025-05-05;25000;0;25000;pagado;2025-05-02;transferencia
6;24887596-8;"Mauricio Barrera Duarte";2025;6;2025-06-05;25000;5000;30000;pagado;2025-06-04;tarjeta
7;24887596-8;"Mauricio Barrera Duarte";2025;7;2025-07-05;25000;0;25000;pagado;2025-07-01;transferencia
8;24887596-8;"Mauricio Barrera Duarte";2025;8;2025-08-05;25000;5000;30000;pagado;2025-08-03;tarjeta
9;24887596-8;"Mauricio Barrera Duarte";2025;9;2025-09-05;25000;12000;37000;pagado;2025-09-04;transferencia
10;24887596-8;"Mauricio Barrera Duarte";2025;10;2025-10-05;25000;5000;30000;pagado;2025-10-05;tarjeta
11;24887596-8;"Mauricio Barrera Duarte";2025;11;2025-11-05;25000;0;25000;pagado;2025-11-02;transferencia
12;24887596-8;"Mauricio Barrera Duarte";2025;12;2025-12-05;25000;5000;30000;atrasado;;
25;11606281-K;"Claudio Quezada Ortiz";2025;1;2025-01-05;25000;0;25000;pagado;2025-01-04;transferencia
26;11606281-K;"Claudio Quezada Ortiz";2025;2;2025-02-05;25000;5000;30000;pagado;2025-02-05;tarjeta
27;11606281-K;"Claudio Quezada Ortiz";2025;3;2025-03-05;25000;12000;37000;pagado;2025-03-02;transferencia
28;11606281-K;"Claudio Quezada Ortiz";2025;4;2025-04-05;25000;5000;30000;pagado;2025-04-04;tarjeta
29;11606281-K;"Claudio Quezada Ortiz";2025;5;2025-05-05;25000;0;25000;pagado;2025-05-01;transferencia
30;11606281-K;"Claudio Quezada Ortiz";2025;6;2025-06-05;25000;5000;30000;pagado;2025-06-04;tarjeta
31;11606281-K;"Claudio Quezada Ortiz";2025;7;2025-07-05;25000;0;25000;pagado;2025-07-03;transferencia
32;11606281-K;"Claudio Quezada Ortiz";2025;8;2025-08-05;25000;5000;30000;pagado;2025-08-05;tarjeta
33;11606281-K;"Claudio Quezada Ortiz";2025;9;2025-09-05;25000;12000;37000;pagado;2025-09-02;transferencia
34;11606281-K;"Claudio Quezada Ortiz";2025;10;2025-10-05;25000;5000;30000;pagado;2025-10-04;tarjeta
35;11606281-K;"Claudio Quezada Ortiz";2025;11;2025-11-05;25000;0;25000;pagado;2025-11-01;transferencia
36;11606281-K;"Claudio Quezada Ortiz";2025;12;2025-12-05;25000;5000;30000;atrasado;;
73;20848551-2;"Daniela Henriquez Fuentes";2025;1;2025-01-05;25000;0;25000;pagado;2025-01-04;transferencia
74;20848551-2;"Daniela Henriquez Fuentes";2025;2;2025-02-05;25000;5000;30000;pagado;2025-02-05;tarjeta
75;20848551-2;"Daniela Henriquez Fuentes";2025;3;2025-03-05;25000;12000;37000;pagado;2025-03-03;transferencia
76;20848551-2;"Daniela Henriquez Fuentes";2025;4;2025-04-05;25000;5000;30000;pagado;2025-04-04;tarjeta
77;20848551-2;"Daniela Henriquez Fuentes";2025;5;2025-05-05;25000;0;25000;pagado;2025-05-01;transferencia
78;20848551-2;"Daniela Henriquez Fuentes";2025;6;2025-06-05;25000;5000;30000;pagado;2025-06-04;tarjeta
79;20848551-2;"Daniela Henriquez Fuentes";2025;7;2025-07-05;25000;0;25000;pagado;2025-07-02;transferencia
80;20848551-2;"Daniela Henriquez Fuentes";2025;8;2025-08-05;25000;5000;30000;pagado;2025-08-05;tarjeta
81;20848551-2;"Daniela Henriquez Fuentes";2025;9;2025-09-05;25000;12000;37000;pagado;2025-09-01;transferencia
82;20848551-2;"Daniela Henriquez Fuentes";2025;10;2025-10-05;25000;5000;30000;pagado;2025-10-04;tarjeta
83;20848551-2;"Daniela Henriquez Fuentes";2025;11;2025-11-05;25000;0;25000;atrasado;;
84;20848551-2;"Daniela Henriquez Fuentes";2025;12;2025-12-05;25000;5000;30000;atrasado;;
85;22997716-4;"Natalia Duarte Nuñez";2025;1;2025-01-05;25000;0;25000;pagado;2025-01-03;tarjeta
86;22997716-4;"Natalia Duarte Nuñez";2025;2;2025-02-05;25000;5000;30000;pagado;2025-02-01;transferencia
87;22997716-4;"Natalia Duarte Nuñez";2025;3;2025-03-05;25000;12000;37000;pagado;2025-03-05;tarjeta
88;22997716-4;"Natalia Duarte Nuñez";2025;4;2025-04-05;25000;5000;30000;pagado;2025-04-02;transferencia
89;22997716-4;"Natalia Duarte Nuñez";2025;5;2025-05-05;25000;0;25000;pagado;2025-05-04;tarjeta
90;22997716-4;"Natalia Duarte Nuñez";2025;6;2025-06-05;25000;5000;30000;pagado;2025-06-01;transferencia
91;22997716-4;"Natalia Duarte Nuñez";2025;7;2025-07-05;25000;0;25000;pagado;2025-07-05;tarjeta
92;22997716-4;"Natalia Duarte Nuñez";2025;8;2025-08-05;25000;5000;30000;pagado;2025-08-03;transferencia
93;22997716-4;"Natalia Duarte Nuñez";2025;9;2025-09-05;25000;12000;37000;pagado;2025-09-05;tarjeta
94;22997716-4;"Natalia Duarte Nuñez";2025;10;2025-10-05;25000;5000;30000;pagado;2025-10-01;transferencia
95;22997716-4;"Natalia Duarte Nuñez";2025;11;2025-11-05;25000;0;25000;atrasado;;
96;22997716-4;"Natalia Duarte Nuñez";2025;12;2025-12-05;25000;5000;30000;atrasado;;
97;15182198-7;"Patricia Duarte Espinoza";2025;1;2025-01-05;25000;0;25000;pagado;2025-01-04;transferencia
98;15182198-7;"Patricia Duarte Espinoza";2025;2;2025-02-05;25000;5000;30000;pagado;2025-02-05;tarjeta
99;15182198-7;"Patricia Duarte Espinoza";2025;3;2025-03-05;25000;12000;37000;pagado;2025-03-03;transferencia
100;15182198-7;"Patricia Duarte Espinoza";2025;4;2025-04-05;25000;5000;30000;pagado;2025-04-03;tarjeta
101;15182198-7;"Patricia Duarte Espinoza";2025;5;2025-05-05;25000;0;25000;pagado;2025-05-01;transferencia
102;15182198-7;"Patricia Duarte Espinoza";2025;6;2025-06-05;25000;5000;30000;pagado;2025-06-04;tarjeta
103;15182198-7;"Patricia Duarte Espinoza";2025;7;2025-07-05;25000;0;25000;pagado;2025-07-02;transferencia
104;15182198-7;"Patricia Duarte Espinoza";2025;8;2025-08-05;25000;5000;30000;pagado;2025-08-05;tarjeta
105;15182198-7;"Patricia Duarte Espinoza";2025;9;2025-09-05;25000;12000;37000;pagado;2025-09-01;transferencia
106;15182198-7;"Patricia Duarte Espinoza";2025;10;2025-10-05;25000;5000;30000;pagado;2025-10-04;tarjeta
107;15182198-7;"Patricia Duarte Espinoza";2025;11;2025-11-05;25000;0;25000;atrasado;;
108;15182198-7;"Patricia Duarte Espinoza";2025;12;2025-12-05;25000;5000;30000;atrasado;;
133;16804818-1;"Loreto Alvarez Mendez";2025;1;2025-01-05;25000;0;25000;pagado;2025-01-03;tarjeta
134;16804818-1;"Loreto Alvarez Mendez";2025;2;2025-02-05;25000;5000;30000;pagado;2025-02-01;transferencia
135;16804818-1;"Loreto Alvarez Mendez";2025;3;2025-03-05;25000;12000;37000;pagado;2025-03-05;tarjeta
136;16804818-1;"Loreto Alvarez Mendez";2025;4;2025-04-05;25000;5000;30000;pagado;2025-04-02;transferencia
137;16804818-1;"Loreto Alvarez Mendez";2025;5;2025-05-05;25000;0;25000;pagado;2025-05-04;tarjeta
138;16804818-1;"Loreto Alvarez Mendez";2025;6;2025-06-05;25000;5000;30000;pagado;2025-06-01;transferencia
139;16804818-1;"Loreto Alvarez Mendez";2025;7;2025-07-05;25000;0;25000;pagado;2025-07-05;tarjeta
140;16804818-1;"Loreto Alvarez Mendez";2025;8;2025-08-05;25000;5000;30000;pagado;2025-08-03;transferencia
141;16804818-1;"Loreto Alvarez Mendez";2025;9;2025-09-05;25000;12000;37000;pagado;2025-09-05;tarjeta
142;16804818-1;"Loreto Alvarez Mendez";2025;10;2025-10-05;25000;5000;30000;pagado;2025-10-01;transferencia
143;16804818-1;"Loreto Alvarez Mendez";2025;11;2025-11-05;25000;0;25000;atrasado;;
144;16804818-1;"Loreto Alvarez Mendez";2025;12;2025-12-05;25000;5000;30000;atrasado;;
145;5058856-4;"Beatriz Alvarez Lagos";2025;1;2025-01-05;25000;0;25000;pagado;2025-01-04;transferencia
146;5058856-4;"Beatriz Alvarez Lagos";2025;2;2025-02-05;25000;5000;30000;pagado;2025-02-05;tarjeta
147;5058856-4;"Beatriz Alvarez Lagos";2025;3;2025-03-05;25000;12000;37000;pagado;2025-03-03;transferencia
148;5058856-4;"Beatriz Alvarez Lagos";2025;4;2025-04-05;25000;5000;30000;pagado;2025-04-03;tarjeta
149;5058856-4;"Beatriz Alvarez Lagos";2025;5;2025-05-05;25000;0;25000;pagado;2025-05-01;transferencia
150;5058856-4;"Beatriz Alvarez Lagos";2025;6;2025-06-05;25000;5000;30000;pagado;2025-06-04;tarjeta
151;5058856-4;"Beatriz Alvarez Lagos";2025;7;2025-07-05;25000;0;25000;pagado;2025-07-02;transferencia
152;5058856-4;"Beatriz Alvarez Lagos";2025;8;2025-08-05;25000;5000;30000;pagado;2025-08-05;tarjeta
153;5058856-4;"Beatriz Alvarez Lagos";2025;9;2025-09-05;25000;12000;37000;pagado;2025-09-01;transferencia
154;5058856-4;"Beatriz Alvarez Lagos";2025;10;2025-10-05;25000;5000;30000;pagado;2025-10-04;tarjeta
155;5058856-4;"Beatriz Alvarez Lagos";2025;11;2025-11-05;25000;0;25000;atrasado;;
156;5058856-4;"Beatriz Alvarez Lagos";2025;12;2025-12-05;25000;5000;30000;atrasado;;
157;12170069-7;"Oscar Contreras Lagos";2025;1;2025-01-05;25000;0;25000;pagado;2025-01-03;tarjeta
158;12170069-7;"Oscar Contreras Lagos";2025;2;2025-02-05;25000;5000;30000;pagado;2025-02-01;transferencia
159;12170069-7;"Oscar Contreras Lagos";2025;3;2025-03-05;25000;12000;37000;pagado;2025-03-05;tarjeta
160;12170069-7;"Oscar Contreras Lagos";2025;4;2025-04-05;25000;5000;30000;pagado;2025-04-02;transferencia
161;12170069-7;"Oscar Contreras Lagos";2025;5;2025-05-05;25000;0;25000;pagado;2025-05-04;tarjeta
162;12170069-7;"Oscar Contreras Lagos";2025;6;2025-06-05;25000;5000;30000;pagado;2025-06-01;transferencia
163;12170069-7;"Oscar Contreras Lagos";2025;7;2025-07-05;25000;0;25000;pagado;2025-07-05;tarjeta
164;12170069-7;"Oscar Contreras Lagos";2025;8;2025-08-05;25000;5000;30000;pagado;2025-08-03;transferencia
165;12170069-7;"Oscar Contreras Lagos";2025;9;2025-09-05;25000;12000;37000;pagado;2025-09-05;tarjeta
166;12170069-7;"Oscar Contreras Lagos";2025;10;2025-10-05;25000;5000;30000;pagado;2025-10-01;transferencia
167;12170069-7;"Oscar Contreras Lagos";2025;11;2025-11-05;25000;0;25000;atrasado;;
168;12170069-7;"Oscar Contreras Lagos";2025;12;2025-12-05;25000;5000;30000;atrasado;;
169;24692054-0;"Loreto Duarte Quezada";2025;1;2025-01-05;25000;0;25000;pagado;2025-01-04;transferencia
170;24692054-0;"Loreto Duarte Quezada";2025;2;2025-02-05;25000;5000;30000;pagado;2025-02-05;tarjeta
171;24692054-0;"Loreto Duarte Quezada";2025;3;2025-03-05;25000;12000;37000;pagado;2025-03-03;transferencia
172;24692054-0;"Loreto Duarte Quezada";2025;4;2025-04-05;25000;5000;30000;pagado;2025-04-03;tarjeta
173;24692054-0;"Loreto Duarte Quezada";2025;5;2025-05-05;25000;0;25000;pagado;2025-05-01;transferencia
174;24692054-0;"Loreto Duarte Quezada";2025;6;2025-06-05;25000;5000;30000;pagado;2025-06-04;tarjeta
175;24692054-0;"Loreto Duarte Quezada";2025;7;2025-07-05;25000;0;25000;pagado;2025-07-02;transferencia
176;24692054-0;"Loreto Duarte Quezada";2025;8;2025-08-05;25000;5000;30000;pagado;2025-08-05;tarjeta
177;24692054-0;"Loreto Duarte Quezada";2025;9;2025-09-05;25000;12000;37000;pagado;2025-09-01;transferencia
178;24692054-0;"Loreto Duarte Quezada";2025;10;2025-10-05;25000;5000;30000;pagado;2025-10-04;tarjeta
179;24692054-0;"Loreto Duarte Quezada";2025;11;2025-11-05;25000;0;25000;atrasado;;
180;24692054-0;"Loreto Duarte Quezada";2025;12;2025-12-05;25000;5000;30000;atrasado;;
193;16701421-6;"Felicia Henriquez Nuñez";2025;1;2025-01-05;25000;0;25000;pagado;2025-01-04;transferencia
194;16701421-6;"Felicia Henriquez Nuñez";2025;2;2025-02-05;25000;5000;30000;pagado;2025-02-05;tarjeta
195;16701421-6;"Felicia Henriquez Nuñez";2025;3;2025-03-05;25000;12000;37000;pagado;2025-03-03;transferencia
196;16701421-6;"Felicia Henriquez Nuñez";2025;4;2025-04-05;25000;5000;30000;pagado;2025-04-03;tarjeta
197;16701421-6;"Felicia Henriquez Nuñez";2025;5;2025-05-05;25000;0;25000;pagado;2025-05-01;transferencia
198;16701421-6;"Felicia Henriquez Nuñez";2025;6;2025-06-05;25000;5000;30000;pagado;2025-06-04;tarjeta
199;16701421-6;"Felicia Henriquez Nuñez";2025;7;2025-07-05;25000;0;25000;pagado;2025-07-02;transferencia
200;16701421-6;"Felicia Henriquez Nuñez";2025;8;2025-08-05;25000;5000;30000;pagado;2025-08-05;tarjeta
201;16701421-6;"Felicia Henriquez Nuñez";2025;9;2025-09-05;25000;12000;37000;pagado;2025-09-01;transferencia
202;16701421-6;"Felicia Henriquez Nuñez";2025;10;2025-10-05;25000;5000;30000;pagado;2025-10-04;tarjeta
203;16701421-6;"Felicia Henriquez Nuñez";2025;11;2025-11-05;25000;0;25000;atrasado;;
204;16701421-6;"Felicia Henriquez Nuñez";2025;12;2025-12-05;25000;5000;30000;atrasado;;
205;22924363-2;"Beatriz Jara Ortiz";2025;1;2025-01-05;25000;0;25000;pagado;2025-01-03;tarjeta
206;22924363-2;"Beatriz Jara Ortiz";2025;2;2025-02-05;25000;5000;30000;pagado;2025-02-01;transferencia
207;22924363-2;"Beatriz Jara Ortiz";2025;3;2025-03-05;25000;12000;37000;pagado;2025-03-05;tarjeta
208;22924363-2;"Beatriz Jara Ortiz";2025;4;2025-04-05;25000;5000;30000;pagado;2025-04-02;transferencia
209;22924363-2;"Beatriz Jara Ortiz";2025;5;2025-05-05;25000;0;25000;pagado;2025-05-04;tarjeta
210;22924363-2;"Beatriz Jara Ortiz";2025;6;2025-06-05;25000;5000;30000;pagado;2025-06-01;transferencia
211;22924363-2;"Beatriz Jara Ortiz";2025;7;2025-07-05;25000;0;25000;pagado;2025-07-05;tarjeta
212;22924363-2;"Beatriz Jara Ortiz";2025;8;2025-08-05;25000;5000;30000;pagado;2025-08-03;transferencia
213;22924363-2;"Beatriz Jara Ortiz";2025;9;2025-09-05;25000;12000;37000;pagado;2025-09-05;tarjeta
214;22924363-2;"Beatriz Jara Ortiz";2025;10;2025-10-05;25000;5000;30000;pagado;2025-10-01;transferencia
215;22924363-2;"Beatriz Jara Ortiz";2025;11;2025-11-05;25000;0;25000;atrasado;;
216;22924363-2;"Beatriz Jara Ortiz";2025;12;2025-12-05;25000;5000;30000;atrasado;;
217;12620839-1;"Patricia Quezada Iturra";2025;1;2025-01-05;25000;0;25000;pagado;2025-01-04;transferencia
218;12620839-1;"Patricia Quezada Iturra";2025;2;2025-02-05;25000;5000;30000;pagado;2025-02-05;tarjeta
219;12620839-1;"Patricia Quezada Iturra";2025;3;2025-03-05;25000;12000;37000;pagado;2025-03-03;transferencia
220;12620839-1;"Patricia Quezada Iturra";2025;4;2025-04-05;25000;5000;30000;pagado;2025-04-03;tarjeta
221;12620839-1;"Patricia Quezada Iturra";2025;5;2025-05-05;25000;0;25000;pagado;2025-05-01;transferencia
222;12620839-1;"Patricia Quezada Iturra";2025;6;2025-06-05;25000;5000;30000;pagado;2025-06-04;tarjeta
223;12620839-1;"Patricia Quezada Iturra";2025;7;2025-07-05;25000;0;25000;pagado;2025-07-02;transferencia
224;12620839-1;"Patricia Quezada Iturra";2025;8;2025-08-05;25000;5000;30000;pagado;2025-08-05;tarjeta
225;12620839-1;"Patricia Quezada Iturra";2025;9;2025-09-05;25000;12000;37000;pagado;2025-09-01;transferencia
226;12620839-1;"Patricia Quezada Iturra";2025;10;2025-10-05;25000;5000;30000;pagado;2025-10-04;tarjeta
227;12620839-1;"Patricia Quezada Iturra";2025;11;2025-11-05;25000;0;25000;atrasado;;
228;12620839-1;"Patricia Quezada Iturra";2025;12;2025-12-05;25000;5000;30000;atrasado;;
265;12735469-3;"Daniela Quezada Nuñez";2025;1;2025-01-05;25000;0;25000;pagado;2025-01-04;transferencia
266;12735469-3;"Daniela Quezada Nuñez";2025;2;2025-02-05;25000;5000;30000;pagado;2025-02-05;tarjeta
267;12735469-3;"Daniela Quezada Nuñez";2025;3;2025-03-05;25000;12000;37000;pagado;2025-03-03;transferencia
268;12735469-3;"Daniela Quezada Nuñez";2025;4;2025-04-05;25000;5000;30000;pagado;2025-04-03;tarjeta
269;12735469-3;"Daniela Quezada Nuñez";2025;5;2025-05-05;25000;0;25000;pagado;2025-05-01;transferencia
270;12735469-3;"Daniela Quezada Nuñez";2025;6;2025-06-05;25000;5000;30000;pagado;2025-06-04;tarjeta
271;12735469-3;"Diego Contreras";2025;7;2025-07-05;25000;0;25000;pagado;2025-07-02;transferencia
272;12735469-3;"Daniela Quezada Nuñez";2025;8;2025-08-05;25000;5000;30000;pagado;2025-08-05;tarjeta
273;12735469-3;"Daniela Quezada Nuñez";2025;9;2025-09-05;25000;12000;37000;pagado;2025-09-01;transferencia
274;12735469-3;"Daniela Quezada Nuñez";2025;10;2025-10-05;25000;5000;30000;pagado;2025-10-04;tarjeta
275;12735469-3;"Daniela Quezada Nuñez";2025;11;2025-11-05;25000;0;25000;atrasado;;
276;12735469-3;"Daniela Quezada Nuñez";2025;12;2025-12-05;25000;5000;30000;atrasado;;
277;21265551-1;"Enrique Quezada Mendez";2025;1;2025-01-05;25000;0;25000;pagado;2025-01-03;tarjeta
278;21265551-1;"Enrique Quezada Mendez";2025;2;2025-02-05;25000;5000;30000;pagado;2025-02-01;transferencia
279;21265551-1;"Enrique Quezada Mendez";2025;3;2025-03-05;25000;12000;37000;pagado;2025-03-05;tarjeta
280;21265551-1;"Enrique Quezada Mendez";2025;4;2025-04-05;25000;5000;30000;pagado;2025-04-02;transferencia
281;21265551-1;"Enrique Quezada Mendez";2025;5;2025-05-05;25000;0;25000;pagado;2025-05-04;tarjeta
282;21265551-1;"Enrique Quezada Mendez";2025;6;2025-06-05;25000;5000;30000;pagado;2025-06-01;transferencia
283;21265551-1;"Enrique Quezada Mendez";2025;7;2025-07-05;25000;0;25000;pagado;2025-07-05;tarjeta
284;21265551-1;"Enrique Quezada Mendez";2025;8;2025-08-05;25000;5000;30000;pagado;2025-08-03;transferencia
285;21265551-1;"Enrique Quezada Mendez";2025;9;2025-09-05;25000;12000;37000;pagado;2025-09-05;tarjeta
286;21265551-1;"Enrique Quezada Mendez";2025;10;2025-10-05;25000;5000;30000;pagado;2025-10-01;transferencia
287;21265551-1;"Enrique Quezada Mendez";2025;11;2025-11-05;25000;0;25000;atrasado;;
288;21265551-1;"Enrique Quezada Mendez";2025;12;2025-12-05;25000;5000;30000;atrasado;;
289;20789127-4;"Daniela Henriquez Duarte";2025;1;2025-01-05;25000;0;25000;pagado;2025-01-04;transferencia
290;20789127-4;"Daniela Henriquez Duarte";2025;2;2025-02-05;25000;5000;30000;pagado;2025-02-05;tarjeta
291;20789127-4;"Daniela Henriquez Duarte";2025;3;2025-03-05;25000;12000;37000;pagado;2025-03-03;transferencia
292;20789127-4;"Daniela Henriquez Duarte";2025;4;2025-04-05;25000;5000;30000;pagado;2025-04-03;tarjeta
293;20789127-4;"Daniela Henriquez Duarte";2025;5;2025-05-05;25000;0;25000;pagado;2025-05-01;transferencia
294;20789127-4;"Daniela Henriquez Duarte";2025;6;2025-06-05;25000;5000;30000;pagado;2025-06-04;tarjeta
295;20789127-4;"Daniela Henriquez Duarte";2025;7;2025-07-05;25000;0;25000;pagado;2025-07-02;transferencia
296;20789127-4;"Daniela Henriquez Duarte";2025;8;2025-08-05;25000;5000;30000;pagado;2025-08-05;tarjeta
297;20789127-4;"Daniela Henriquez Duarte";2025;9;2025-09-05;25000;12000;37000;pagado;2025-09-01;transferencia
298;20789127-4;"Daniela Henriquez Duarte";2025;10;2025-10-05;25000;5000;30000;pagado;2025-10-04;tarjeta
299;20789127-4;"Daniela Henriquez Duarte";2025;11;2025-11-05;25000;0;25000;atrasado;;
300;20789127-4;"Daniela Henriquez Duarte";2025;12;2025-12-05;25000;5000;30000;atrasado;;
349;15913517-9;"Gonzalo Lagos Mendez";2025;1;2025-01-05;25000;0;25000;pagado;2025-01-03;tarjeta
350;15913517-9;"Gonzalo Lagos Mendez";2025;2;2025-02-05;25000;5000;30000;pagado;2025-02-01;transferencia
351;15913517-9;"Pedro Gonzalez";2025;3;2025-03-05;25000;12000;37000;pagado;2025-03-05;tarjeta
352;15913517-9;"Gonzalo Lagos Mendez";2025;4;2025-04-05;25000;5000;30000;pagado;2025-04-02;transferencia
353;15913517-9;"Pedro Gonzalez";2025;5;2025-05-05;25000;0;25000;pagado;2025-05-04;tarjeta
354;15913517-9;"Gonzalo Lagos Mendez";2025;6;2025-06-05;25000;5000;30000;pagado;2025-06-01;transferencia
355;15913517-9;"Gonzalo Lagos Mendez";2025;7;2025-07-05;25000;0;25000;pagado;2025-07-05;tarjeta
356;15913517-9;"Gonzalo Lagos Mendez";2025;8;2025-08-05;25000;5000;30000;pagado;2025-08-03;transferencia
357;15913517-9;"Gonzalo Lagos Mendez";2025;9;2025-09-05;25000;12000;37000;pagado;2025-09-05;tarjeta
358;15913517-9;"Gonzalo Lagos Mendez";2025;10;2025-10-05;25000;5000;30000;pagado;2025-10-01;transferencia
359;15913517-9;"Gonzalo Lagos Mendez";2025;11;2025-11-05;25000;0;25000;atrasado;;
360;15913517-9;"Gonzalo Lagos Mendez";2025;12;2025-12-05;25000;5000;30000;atrasado;;
361;17526820-0;"Ignacio Espinoza Galdames";2025;1;2025-01-05;25000;0;25000;pagado;2025-01-04;transferencia
362;17526820-0;"Ignacio Espinoza Galdames";2025;2;2025-02-05;25000;5000;30000;pagado;2025-02-05;tarjeta
363;17526820-0;"Ignacio Espinoza Galdames";2025;3;2025-03-05;25000;12000;37000;pagado;2025-03-03;transferencia
364;17526820-0;"Ignacio Espinoza Galdames";2025;4;2025-04-05;25000;5000;30000;pagado;2025-04-03;tarjeta
365;17526820-0;"Ignacio Espinoza Galdames";2025;5;2025-05-05;25000;0;25000;pagado;2025-05-01;transferencia
366;17526820-0;"Ignacio Espinoza Galdames";2025;6;2025-06-05;25000;5000;30000;pagado;2025-06-04;tarjeta
367;17526820-0;"Ignacio Espinoza Galdames";2025;7;2025-07-05;25000;0;25000;pagado;2025-07-02;transferencia
368;17526820-0;"Ignacio Espinoza Galdames";2025;8;2025-08-05;25000;5000;30000;pagado;2025-08-05;tarjeta
369;17526820-0;"Ignacio Espinoza Galdames";2025;9;2025-09-05;25000;12000;37000;pagado;2025-09-01;transferencia
370;17526820-0;"Ignacio Espinoza Galdames";2025;10;2025-10-05;25000;5000;30000;pagado;2025-10-04;tarjeta
371;17526820-0;"Ignacio Espinoza Galdames";2025;11;2025-11-05;25000;0;25000;atrasado;;
372;17526820-0;"Ignacio Espinoza Galdames";2025;12;2025-12-05;25000;5000;30000;atrasado;;
373;16103628-5;"Helena Alvarez Mendez";2025;1;2025-01-05;25000;0;25000;pagado;2025-01-03;tarjeta
374;16103628-5;"Helena Alvarez Mendez";2025;2;2025-02-05;25000;5000;30000;pagado;2025-02-01;transferencia
375;16103628-5;"Helena Alvarez Mendez";2025;3;2025-03-05;25000;12000;37000;pagado;2025-03-05;tarjeta
376;16103628-5;"Helena Alvarez Mendez";2025;4;2025-04-05;25000;5000;30000;pagado;2025-04-02;transferencia
377;16103628-5;"Helena Alvarez Mendez";2025;5;2025-05-05;25000;0;25000;pagado;2025-05-04;tarjeta
378;16103628-5;"Helena Alvarez Mendez";2025;6;2025-06-05;25000;5000;30000;pagado;2025-06-01;transferencia
379;16103628-5;"Helena Alvarez Mendez";2025;7;2025-07-05;25000;0;25000;pagado;2025-07-05;tarjeta
380;16103628-5;"Helena Alvarez Mendez";2025;8;2025-08-05;25000;5000;30000;pagado;2025-08-03;transferencia
381;16103628-5;"Helena Alvarez Mendez";2025;9;2025-09-05;25000;12000;37000;pagado;2025-09-05;tarjeta
382;16103628-5;"Helena Alvarez Mendez";2025;10;2025-10-05;25000;5000;30000;pagado;2025-10-01;transferencia
383;16103628-5;"Helena Alvarez Mendez";2025;11;2025-11-05;25000;0;25000;atrasado;;
384;16103628-5;"Helena Alvarez Mendez";2025;12;2025-12-05;25000;5000;30000;atrasado;;
385;24941085-3;"Natalia Contreras Jara";2025;1;2025-01-05;25000;0;25000;pagado;2025-01-04;transferencia
386;24941085-3;"Natalia Contreras Jara";2025;2;2025-02-05;25000;5000;30000;pagado;2025-02-05;tarjeta
387;24941085-3;"Natalia Contreras Jara";2025;3;2025-03-05;25000;12000;37000;pagado;2025-03-03;transferencia
388;24941085-3;"Natalia Contreras Jara";2025;4;2025-04-05;25000;5000;30000;pagado;2025-04-03;tarjeta
389;24941085-3;"Natalia Contreras Jara";2025;5;2025-05-05;25000;0;25000;pagado;2025-05-01;transferencia
390;24941085-3;"Natalia Contreras Jara";2025;6;2025-06-05;25000;5000;30000;pagado;2025-06-04;tarjeta
391;24941085-3;"Natalia Contreras Jara";2025;7;2025-07-05;25000;0;25000;pagado;2025-07-02;transferencia
392;24941085-3;"Natalia Contreras Jara";2025;8;2025-08-05;25000;5000;30000;pagado;2025-08-05;tarjeta
393;24941085-3;"Natalia Contreras Jara";2025;9;2025-09-05;25000;12000;37000;pagado;2025-09-01;transferencia
394;24941085-3;"Natalia Contreras Jara";2025;10;2025-10-05;25000;5000;30000;pagado;2025-10-04;tarjeta
395;24941085-3;"Ana Rojas";2025;11;2025-11-05;25000;0;25000;atrasado;;
396;24941085-3;"Natalia Contreras Jara";2025;12;2025-12-05;25000;5000;30000;atrasado;;
397;21325038-8;"Loreto Nuñez Henriquez";2025;1;2025-01-05;25000;0;25000;pagado;2025-01-03;tarjeta
398;21325038-8;"Loreto Nuñez Henriquez";2025;2;2025-02-05;25000;5000;30000;pagado;2025-02-01;transferencia
399;21325038-8;"Loreto Nuñez Henriquez";2025;3;2025-03-05;25000;12000;37000;pagado;2025-03-05;tarjeta
400;21325038-8;"Loreto Nuñez Henriquez";2025;4;2025-04-05;25000;5000;30000;pagado;2025-04-02;transferencia
401;21325038-8;"Loreto Nuñez Henriquez";2025;5;2025-05-05;25000;0;25000;pagado;2025-05-04;tarjeta
402;21325038-8;"Loreto Nuñez Henriquez";2025;6;2025-06-05;25000;5000;30000;pagado;2025-06-01;transferencia
403;21325038-8;"Loreto Nuñez Henriquez";2025;7;2025-07-05;25000;0;25000;pagado;2025-07-05;tarjeta
404;21325038-8;"Loreto Nuñez Henriquez";2025;8;2025-08-05;25000;5000;30000;pagado;2025-08-03;transferencia
405;21325038-8;"Loreto Nuñez Henriquez";2025;9;2025-09-05;25000;12000;37000;pagado;2025-09-05;tarjeta
406;21325038-8;"Loreto Nuñez Henriquez";2025;10;2025-10-05;25000;5000;30000;pagado;2025-10-01;transferencia
407;21325038-8;"Loreto Nuñez Henriquez";2025;11;2025-11-05;25000;0;25000;atrasado;;
408;21325038-8;"Loreto Nuñez Henriquez";2025;12;2025-12-05;25000;5000;30000;atrasado;;
433;23937539-1;"Beatriz Barrera Fuentes";2025;1;2025-01-05;25000;0;25000;pagado;2025-01-04;transferencia
434;23937539-1;"Beatriz Barrera Fuentes";2025;2;2025-02-05;25000;5000;30000;pagado;2025-02-05;tarjeta
435;23937539-1;"Beatriz Barrera Fuentes";2025;3;2025-03-05;25000;12000;37000;pagado;2025-03-03;transferencia
436;23937539-1;"Beatriz Barrera Fuentes";2025;4;2025-04-05;25000;5000;30000;pagado;2025-04-03;tarjeta
437;23937539-1;"Beatriz Barrera Fuentes";2025;5;2025-05-05;25000;0;25000;pagado;2025-05-01;transferencia
438;23937539-1;"Beatriz Barrera Fuentes";2025;6;2025-06-05;25000;5000;30000;pagado;2025-06-04;tarjeta
439;23937539-1;"Beatriz Barrera Fuentes";2025;7;2025-07-05;25000;0;25000;pagado;2025-07-02;transferencia
440;23937539-1;"Beatriz Barrera Fuentes";2025;8;2025-08-05;25000;5000;30000;pagado;2025-08-05;tarjeta
441;23937539-1;"Beatriz Barrera Fuentes";2025;9;2025-09-05;25000;12000;37000;pagado;2025-09-01;transferencia
442;23937539-1;"Beatriz Barrera Fuentes";2025;10;2025-10-05;25000;5000;30000;pagado;2025-10-04;tarjeta
443;23937539-1;"Beatriz Barrera Fuentes";2025;11;2025-11-05;25000;0;25000;atrasado;;
444;23937539-1;"Beatriz Barrera Fuentes";2025;12;2025-12-05;25000;5000;30000;atrasado;;
445;23230624-6;"Patricia Jara Espinoza";2025;1;2025-01-05;25000;0;25000;pagado;2025-01-03;tarjeta
446;23230624-6;"Patricia Jara Espinoza";2025;2;2025-02-05;25000;5000;30000;pagado;2025-02-01;transferencia
447;23230624-6;"Patricia Jara Espinoza";2025;3;2025-03-05;25000;12000;37000;pagado;2025-03-05;tarjeta
448;23230624-6;"Patricia Jara Espinoza";2025;4;2025-04-05;25000;5000;30000;pagado;2025-04-02;transferencia
449;23230624-6;"Patricia Jara Espinoza";2025;5;2025-05-05;25000;0;25000;pagado;2025-05-04;tarjeta
450;23230624-6;"Patricia Jara Espinoza";2025;6;2025-06-05;25000;5000;30000;pagado;2025-06-01;transferencia
451;23230624-6;"Patricia Jara Espinoza";2025;7;2025-07-05;25000;0;25000;pagado;2025-07-05;tarjeta
452;23230624-6;"Patricia Jara Espinoza";2025;8;2025-08-05;25000;5000;30000;pagado;2025-08-03;transferencia
453;23230624-6;"Patricia Jara Espinoza";2025;9;2025-09-05;25000;12000;37000;pagado;2025-09-05;tarjeta
454;23230624-6;"Patricia Jara Espinoza";2025;10;2025-10-05;25000;5000;30000;pagado;2025-10-01;transferencia
455;23230624-6;"Patricia Jara Espinoza";2025;11;2025-11-05;25000;0;25000;atrasado;;
456;23230624-6;"Patricia Jara Espinoza";2025;12;2025-12-05;25000;5000;30000;atrasado;;
457;5214098-6;"Natalia Quezada Nuñez";2025;1;2025-01-05;25000;0;25000;pagado;2025-01-04;transferencia
458;5214098-6;"Natalia Quezada Nuñez";2025;2;2025-02-05;25000;5000;30000;pagado;2025-02-05;tarjeta
459;5214098-6;"Natalia Quezada Nuñez";2025;3;2025-03-05;25000;12000;37000;pagado;2025-03-03;transferencia
460;5214098-6;"Natalia Quezada Nuñez";2025;4;2025-04-05;25000;5000;30000;pagado;2025-04-03;tarjeta
461;5214098-6;"Natalia Quezada Nuñez";2025;5;2025-05-05;25000;0;25000;pagado;2025-05-01;transferencia
462;5214098-6;"Natalia Quezada Nuñez";2025;6;2025-06-05;25000;5000;30000;pagado;2025-06-04;tarjeta
463;5214098-6;"Natalia Quezada Nuñez";2025;7;2025-07-05;25000;0;25000;pagado;2025-07-02;transferencia
464;5214098-6;"Natalia Quezada Nuñez";2025;8;2025-08-05;25000;5000;30000;pagado;2025-08-05;tarjeta
465;5214098-6;"Natalia Quezada Nuñez";2025;9;2025-09-05;25000;12000;37000;pagado;2025-09-01;transferencia
466;5214098-6;"Natalia Quezada Nuñez";2025;10;2025-10-05;25000;5000;30000;pagado;2025-10-04;tarjeta
467;5214098-6;"Natalia Quezada Nuñez";2025;11;2025-11-05;25000;0;25000;atrasado;;
468;5214098-6;"Natalia Quezada Nuñez";2025;12;2025-12-05;25000;5000;30000;atrasado;;
469;9774947-7;"Gonzalo Galdames Jara";2025;1;2025-01-05;25000;0;25000;pagado;2025-01-03;tarjeta
470;9774947-7;"Gonzalo Galdames Jara";2025;2;2025-02-05;25000;5000;30000;pagado;2025-02-01;transferencia
471;9774947-7;"Gonzalo Galdames Jara";2025;3;2025-03-05;25000;12000;37000;pagado;2025-03-05;tarjeta
472;9774947-7;"Gonzalo Galdames Jara";2025;4;2025-04-05;25000;5000;30000;pagado;2025-04-02;transferencia
473;9774947-7;"Gonzalo Galdames Jara";2025;5;2025-05-05;25000;0;25000;pagado;2025-05-04;tarjeta
474;9774947-7;"Gonzalo Galdames Jara";2025;6;2025-06-05;25000;5000;30000;pagado;2025-06-01;transferencia
475;9774947-7;"Gonzalo Galdames Jara";2025;7;2025-07-05;25000;0;25000;pagado;2025-07-05;tarjeta
476;9774947-7;"Gonzalo Galdames Jara";2025;8;2025-08-05;25000;5000;30000;pagado;2025-08-03;transferencia
477;9774947-7;"Gonzalo Galdames Jara";2025;9;2025-09-05;25000;12000;37000;pagado;2025-09-05;tarjeta
478;9774947-7;"Gonzalo Galdames Jara";2025;10;2025-10-05;25000;5000;30000;pagado;2025-10-01;transferencia
479;9774947-7;"Gonzalo Galdames Jara";2025;11;2025-11-05;25000;0;25000;atrasado;;
480;9774947-7;"Gonzalo Galdames Jara";2025;12;2025-12-05;25000;5000;30000;atrasado;;
493;7854704-9;"Mauricio Espinoza Alvarez";2025;1;2025-01-05;25000;0;25000;pagado;2025-01-03;tarjeta
494;7854704-9;"Mauricio Espinoza Alvarez";2025;2;2025-02-05;25000;5000;30000;pagado;2025-02-01;transferencia
495;7854704-9;"Mauricio Espinoza Alvarez";2025;3;2025-03-05;25000;12000;37000;pagado;2025-03-05;tarjeta
496;7854704-9;"Mauricio Espinoza Alvarez";2025;4;2025-04-05;25000;5000;30000;pagado;2025-04-02;transferencia
497;7854704-9;"Mauricio Espinoza Alvarez";2025;5;2025-05-05;25000;0;25000;pagado;2025-05-04;tarjeta
498;7854704-9;"Mauricio Espinoza Alvarez";2025;6;2025-06-05;25000;5000;30000;pagado;2025-06-01;transferencia
499;7854704-9;"Mauricio Espinoza Alvarez";2025;7;2025-07-05;25000;0;25000;pagado;2025-07-05;tarjeta
500;7854704-9;"Mauricio Espinoza Alvarez";2025;8;2025-08-05;25000;5000;30000;pagado;2025-08-03;transferencia
501;7854704-9;"Mauricio Espinoza Alvarez";2025;9;2025-09-05;25000;12000;37000;pagado;2025-09-05;tarjeta
502;7854704-9;"Mauricio Espinoza Alvarez";2025;10;2025-10-05;25000;5000;30000;pagado;2025-10-01;transferencia
503;7854704-9;"Mauricio Espinoza Alvarez";2025;11;2025-11-05;25000;0;25000;atrasado;;
504;7854704-9;"Mauricio Espinoza Alvarez";2025;12;2025-12-05;25000;5000;30000;atrasado;;
517;23271233-3;"Patricia Nuñez Duarte";2025;1;2025-01-05;25000;0;25000;pagado;2025-01-03;tarjeta
518;23271233-3;"Patricia Nuñez Duarte";2025;2;2025-02-05;25000;5000;30000;pagado;2025-02-01;transferencia
519;23271233-3;"Patricia Nuñez Duarte";2025;3;2025-03-05;25000;12000;37000;pagado;2025-03-05;tarjeta
520;23271233-3;"Patricia Nuñez Duarte";2025;4;2025-04-05;25000;5000;30000;pagado;2025-04-02;transferencia
521;23271233-3;"Patricia Nuñez Duarte";2025;5;2025-05-05;25000;0;25000;pagado;2025-05-04;tarjeta
522;23271233-3;"Patricia Nuñez Duarte";2025;6;2025-06-05;25000;5000;30000;pagado;2025-06-01;transferencia
523;23271233-3;"Patricia Nuñez Duarte";2025;7;2025-07-05;25000;0;25000;pagado;2025-07-05;tarjeta
524;23271233-3;"Patricia Nuñez Duarte";2025;8;2025-08-05;25000;5000;30000;pagado;2025-08-03;transferencia
525;23271233-3;"Patricia Nuñez Duarte";2025;9;2025-09-05;25000;12000;37000;pagado;2025-09-05;tarjeta
526;23271233-3;"Patricia Nuñez Duarte";2025;10;2025-10-05;25000;5000;30000;pagado;2025-10-01;transferencia
527;23271233-3;"Patricia Nuñez Duarte";2025;11;2025-11-05;25000;0;25000;atrasado;;
528;23271233-3;"Patricia Nuñez Duarte";2025;12;2025-12-05;25000;5000;30000;atrasado;;
529;21038193-7;"Felicia Pardo Galdames";2025;1;2025-01-05;25000;0;25000;pagado;2025-01-04;transferencia
530;21038193-7;"Felicia Pardo Galdames";2025;2;2025-02-05;25000;5000;30000;pagado;2025-02-05;tarjeta
531;21038193-7;"Felicia Pardo Galdames";2025;3;2025-03-05;25000;12000;37000;pagado;2025-03-03;transferencia
532;21038193-7;"Felicia Pardo Galdames";2025;4;2025-04-05;25000;5000;30000;pagado;2025-04-03;tarjeta
533;21038193-7;"Felicia Pardo Galdames";2025;5;2025-05-05;25000;0;25000;pagado;2025-05-01;transferencia
534;21038193-7;"Felicia Pardo Galdames";2025;6;2025-06-05;25000;5000;30000;pagado;2025-06-04;tarjeta
535;21038193-7;"Felicia Pardo Galdames";2025;7;2025-07-05;25000;0;25000;pagado;2025-07-02;transferencia
536;21038193-7;"Felicia Pardo Galdames";2025;8;2025-08-05;25000;5000;30000;pagado;2025-08-05;tarjeta
537;21038193-7;"Felicia Pardo Galdames";2025;9;2025-09-05;25000;12000;37000;pagado;2025-09-01;transferencia
538;21038193-7;"Felicia Pardo Galdames";2025;10;2025-10-05;25000;5000;30000;pagado;2025-10-04;tarjeta
539;21038193-7;"Felicia Pardo Galdames";2025;11;2025-11-05;25000;0;25000;atrasado;;
540;21038193-7;"Felicia Pardo Galdames";2025;12;2025-12-05;25000;5000;30000;atrasado;;
541;11750440-9;"Helena Henriquez Nuñez";2025;1;2025-01-05;25000;0;25000;pagado;2025-01-03;tarjeta
542;11750440-9;"Helena Henriquez Nuñez";2025;2;2025-02-05;25000;5000;30000;pagado;2025-02-01;transferencia
543;11750440-9;"Helena Henriquez Nuñez";2025;3;2025-03-05;25000;12000;37000;pagado;2025-03-05;tarjeta
544;11750440-9;"Helena Henriquez Nuñez";2025;4;2025-04-05;25000;5000;30000;pagado;2025-04-02;transferencia
545;11750440-9;"Helena Henriquez Nuñez";2025;5;2025-05-05;25000;0;25000;pagado;2025-05-04;tarjeta
546;11750440-9;"Helena Henriquez Nuñez";2025;6;2025-06-05;25000;5000;30000;pagado;2025-06-01;transferencia
547;11750440-9;"Helena Henriquez Nuñez";2025;7;2025-07-05;25000;0;25000;pagado;2025-07-05;tarjeta
548;11750440-9;"Helena Henriquez Nuñez";2025;8;2025-08-05;25000;5000;30000;pagado;2025-08-03;transferencia
549;11750440-9;"Helena Henriquez Nuñez";2025;9;2025-09-05;25000;12000;37000;pagado;2025-09-05;tarjeta
550;11750440-9;"Helena Henriquez Nuñez";2025;10;2025-10-05;25000;5000;30000;pagado;2025-10-01;transferencia
551;11750440-9;"Helena Henriquez Nuñez";2025;11;2025-11-05;25000;0;25000;atrasado;;
552;11750440-9;"Helena Henriquez Nuñez";2025;12;2025-12-05;25000;5000;30000;atrasado;;
565;24724208-2;"Helena Quezada Duarte";2025;1;2025-01-05;25000;0;25000;pagado;2025-01-03;tarjeta
566;24724208-2;"Helena Quezada Duarte";2025;2;2025-02-05;25000;5000;30000;pagado;2025-02-01;transferencia
567;24724208-2;"Helena Quezada Duarte";2025;3;2025-03-05;25000;12000;37000;pagado;2025-03-05;tarjeta
568;24724208-2;"Helena Quezada Duarte";2025;4;2025-04-05;25000;5000;30000;pagado;2025-04-02;transferencia
569;24724208-2;"Helena Quezada Duarte";2025;5;2025-05-05;25000;0;25000;pagado;2025-05-04;tarjeta
570;24724208-2;"Helena Quezada Duarte";2025;6;2025-06-05;25000;5000;30000;pagado;2025-06-01;transferencia
571;24724208-2;"Helena Quezada Duarte";2025;7;2025-07-05;25000;0;25000;pagado;2025-07-05;tarjeta
572;24724208-2;"Helena Quezada Duarte";2025;8;2025-08-05;25000;5000;30000;pagado;2025-08-03;transferencia
573;24724208-2;"Helena Quezada Duarte";2025;9;2025-09-05;25000;12000;37000;pagado;2025-09-05;tarjeta
574;24724208-2;"Helena Quezada Duarte";2025;10;2025-10-05;25000;5000;30000;pagado;2025-10-01;transferencia
575;24724208-2;"Helena Quezada Duarte";2025;11;2025-11-05;25000;0;25000;atrasado;;
576;24724208-2;"Helena Quezada Duarte";2025;12;2025-12-05;25000;5000;30000;atrasado;;
577;9897596-9;"Daniela Quezada Contreras";2025;1;2025-01-05;25000;0;25000;pagado;2025-01-04;transferencia
578;9897596-9;"Daniela Quezada Contreras";2025;2;2025-02-05;25000;5000;30000;pagado;2025-02-05;tarjeta
579;9897596-9;"Daniela Quezada Contreras";2025;3;2025-03-05;25000;12000;37000;pagado;2025-03-03;transferencia
580;9897596-9;"Daniela Quezada Contreras";2025;4;2025-04-05;25000;5000;30000;pagado;2025-04-03;tarjeta
581;9897596-9;"Daniela Quezada Contreras";2025;5;2025-05-05;25000;0;25000;pagado;2025-05-01;transferencia
582;9897596-9;"Daniela Quezada Contreras";2025;6;2025-06-05;25000;5000;30000;pagado;2025-06-04;tarjeta
583;9897596-9;"Daniela Quezada Contreras";2025;7;2025-07-05;25000;0;25000;pagado;2025-07-02;transferencia
584;9897596-9;"Daniela Quezada Contreras";2025;8;2025-08-05;25000;5000;30000;pagado;2025-08-05;tarjeta
585;9897596-9;"Daniela Quezada Contreras";2025;9;2025-09-05;25000;12000;37000;pagado;2025-09-01;transferencia
586;9897596-9;"Daniela Quezada Contreras";2025;10;2025-10-05;25000;5000;30000;pagado;2025-10-04;tarjeta
587;9897596-9;"Daniela Quezada Contreras";2025;11;2025-11-05;25000;0;25000;atrasado;;
588;9897596-9;"Daniela Quezada Contreras";2025;12;2025-12-05;25000;5000;30000;atrasado;;
601;23382051-2;"Mauricio Duarte Duarte";2025;1;2025-01-05;25000;0;25000;pagado;2025-01-04;transferencia
602;23382051-2;"Maria Rojas";2025;2;2025-02-05;25000;5000;30000;pagado;2025-02-05;tarjeta
603;23382051-2;"Mauricio Duarte Duarte";2025;3;2025-03-05;25000;12000;37000;pagado;2025-03-03;transferencia
604;23382051-2;"Mauricio Duarte Duarte";2025;4;2025-04-05;25000;5000;30000;pagado;2025-04-03;tarjeta
605;23382051-2;"Mauricio Duarte Duarte";2025;5;2025-05-05;25000;0;25000;pagado;2025-05-01;transferencia
606;23382051-2;"Mauricio Duarte Duarte";2025;6;2025-06-05;25000;5000;30000;pagado;2025-06-04;tarjeta
607;23382051-2;"Mauricio Duarte Duarte";2025;7;2025-07-05;25000;0;25000;pagado;2025-07-02;transferencia
608;23382051-2;"Mauricio Duarte Duarte";2025;8;2025-08-05;25000;5000;30000;pagado;2025-08-05;tarjeta
609;23382051-2;"Mauricio Duarte Duarte";2025;9;2025-09-05;25000;12000;37000;pagado;2025-09-01;transferencia
610;23382051-2;"Mauricio Duarte Duarte";2025;10;2025-10-05;25000;5000;30000;pagado;2025-10-04;tarjeta
611;23382051-2;"Mauricio Duarte Duarte";2025;11;2025-11-05;25000;0;25000;atrasado;;
612;23382051-2;"Mauricio Duarte Duarte";2025;12;2025-12-05;25000;5000;30000;atrasado;;
625;23115895-2;"Claudio Mendez Nuñez";2025;1;2025-01-05;25000;0;25000;pagado;2025-01-04;transferencia
626;23115895-2;"Claudio Mendez Nuñez";2025;2;2025-02-05;25000;5000;30000;pagado;2025-02-05;tarjeta
627;23115895-2;"Diego Gonzalez";2025;3;2025-03-05;25000;12000;37000;pagado;2025-03-03;transferencia
628;23115895-2;"Claudio Mendez Nuñez";2025;4;2025-04-05;25000;5000;30000;pagado;2025-04-03;tarjeta
629;23115895-2;"Claudio Mendez Nuñez";2025;5;2025-05-05;25000;0;25000;pagado;2025-05-01;transferencia
630;23115895-2;"Claudio Mendez Nuñez";2025;6;2025-06-05;25000;5000;30000;pagado;2025-06-04;tarjeta
631;23115895-2;"Claudio Mendez Nuñez";2025;7;2025-07-05;25000;0;25000;pagado;2025-07-02;transferencia
632;23115895-2;"Claudio Mendez Nuñez";2025;8;2025-08-05;25000;5000;30000;pagado;2025-08-05;tarjeta
633;23115895-2;"Claudio Mendez Nuñez";2025;9;2025-09-05;25000;12000;37000;pagado;2025-09-01;transferencia
634;23115895-2;"Claudio Mendez Nuñez";2025;10;2025-10-05;25000;5000;30000;pagado;2025-10-04;tarjeta
635;23115895-2;"Claudio Mendez Nuñez";2025;11;2025-11-05;25000;0;25000;atrasado;;
636;23115895-2;"Claudio Mendez Nuñez";2025;12;2025-12-05;25000;5000;30000;atrasado;;
697;24973079-3;"Javiera Lagos Contreras";2025;1;2025-01-05;25000;0;25000;pagado;2025-01-04;transferencia
698;24973079-3;"Javiera Lagos Contreras";2025;2;2025-02-05;25000;5000;30000;pagado;2025-02-05;tarjeta
699;24973079-3;"Javiera Lagos Contreras";2025;3;2025-03-05;25000;12000;37000;pagado;2025-03-03;transferencia
700;24973079-3;"Javiera Lagos Contreras";2025;4;2025-04-05;25000;5000;30000;pagado;2025-04-03;tarjeta
701;24973079-3;"Javiera Lagos Contreras";2025;5;2025-05-05;25000;0;25000;pagado;2025-05-01;transferencia
702;24973079-3;"Javiera Lagos Contreras";2025;6;2025-06-05;25000;5000;30000;pagado;2025-06-04;tarjeta
703;24973079-3;"Javiera Lagos Contreras";2025;7;2025-07-05;25000;0;25000;pagado;2025-07-02;transferencia
704;24973079-3;"Javiera Lagos Contreras";2025;8;2025-08-05;25000;5000;30000;pagado;2025-08-05;tarjeta
705;24973079-3;"Javiera Lagos Contreras";2025;9;2025-09-05;25000;12000;37000;pagado;2025-09-01;transferencia
706;24973079-3;"Javiera Lagos Contreras";2025;10;2025-10-05;25000;5000;30000;pagado;2025-10-04;tarjeta
707;24973079-3;"Javiera Lagos Contreras";2025;11;2025-11-05;25000;0;25000;atrasado;;
708;24973079-3;"Javiera Lagos Contreras";2025;12;2025-12-05;25000;5000;30000;atrasado;;
709;18512802-4;"Helena Lagos Nuñez";2025;1;2025-01-05;25000;0;25000;pagado;2025-01-03;tarjeta
710;18512802-4;"Helena Lagos Nuñez";2025;2;2025-02-05;25000;5000;30000;pagado;2025-02-01;transferencia
711;18512802-4;"Helena Lagos Nuñez";2025;3;2025-03-05;25000;12000;37000;pagado;2025-03-05;tarjeta
712;18512802-4;"Helena Lagos Nuñez";2025;4;2025-04-05;25000;5000;30000;pagado;2025-04-02;transferencia
713;18512802-4;"Helena Lagos Nuñez";2025;5;2025-05-05;25000;0;25000;pagado;2025-05-04;tarjeta
714;18512802-4;"Helena Lagos Nuñez";2025;6;2025-06-05;25000;5000;30000;pagado;2025-06-01;transferencia
715;18512802-4;"Helena Lagos Nuñez";2025;7;2025-07-05;25000;0;25000;pagado;2025-07-05;tarjeta
716;18512802-4;"Helena Lagos Nuñez";2025;8;2025-08-05;25000;5000;30000;pagado;2025-08-03;transferencia
717;18512802-4;"Helena Lagos Nuñez";2025;9;2025-09-05;25000;12000;37000;pagado;2025-09-05;tarjeta
718;18512802-4;"Helena Lagos Nuñez";2025;10;2025-10-05;25000;5000;30000;pagado;2025-10-01;transferencia
719;18512802-4;"Helena Lagos Nuñez";2025;11;2025-11-05;25000;0;25000;atrasado;;
720;18512802-4;"Helena Lagos Nuñez";2025;12;2025-12-05;25000;5000;30000;atrasado;;
745;24790376-3;"Claudio Fuentes Nuñez";2025;1;2025-01-05;25000;0;25000;pagado;2025-01-04;transferencia
746;24790376-3;"Claudio Fuentes Nuñez";2025;2;2025-02-05;25000;5000;30000;pagado;2025-02-05;tarjeta
747;24790376-3;"Claudio Fuentes Nuñez";2025;3;2025-03-05;25000;12000;37000;pagado;2025-03-03;transferencia
748;24790376-3;"Claudio Fuentes Nuñez";2025;4;2025-04-05;25000;5000;30000;pagado;2025-04-03;tarjeta
749;24790376-3;"Claudio Fuentes Nuñez";2025;5;2025-05-05;25000;0;25000;pagado;2025-05-01;transferencia
750;24790376-3;"Claudio Fuentes Nuñez";2025;6;2025-06-05;25000;5000;30000;pagado;2025-06-04;tarjeta
751;24790376-3;"Claudio Fuentes Nuñez";2025;7;2025-07-05;25000;0;25000;pagado;2025-07-02;transferencia
752;24790376-3;"Claudio Fuentes Nuñez";2025;8;2025-08-05;25000;5000;30000;pagado;2025-08-05;tarjeta
753;24790376-3;"Claudio Fuentes Nuñez";2025;9;2025-09-05;25000;12000;37000;pagado;2025-09-01;transferencia
754;24790376-3;"Claudio Fuentes Nuñez";2025;10;2025-10-05;25000;5000;30000;pagado;2025-10-04;tarjeta
755;24790376-3;"Claudio Fuentes Nuñez";2025;11;2025-11-05;25000;0;25000;atrasado;;
756;24790376-3;"Claudio Fuentes Nuñez";2025;12;2025-12-05;25000;5000;30000;atrasado;;
769;14936708-K;"Alvaro Duarte Espinoza";2025;1;2025-01-05;25000;0;25000;pagado;2025-01-04;transferencia
770;14936708-K;"Alvaro Duarte Espinoza";2025;2;2025-02-05;25000;5000;30000;pagado;2025-02-05;tarjeta
771;14936708-K;"Alvaro Duarte Espinoza";2025;3;2025-03-05;25000;12000;37000;pagado;2025-03-03;transferencia
772;14936708-K;"Alvaro Duarte Espinoza";2025;4;2025-04-05;25000;5000;30000;pagado;2025-04-03;tarjeta
773;14936708-K;"Alvaro Duarte Espinoza";2025;5;2025-05-05;25000;0;25000;pagado;2025-05-01;transferencia
774;14936708-K;"Alvaro Duarte Espinoza";2025;6;2025-06-05;25000;5000;30000;pagado;2025-06-04;tarjeta
775;14936708-K;"Alvaro Duarte Espinoza";2025;7;2025-07-05;25000;0;25000;pagado;2025-07-02;transferencia
776;14936708-K;"Alvaro Duarte Espinoza";2025;8;2025-08-05;25000;5000;30000;pagado;2025-08-05;tarjeta
777;14936708-K;"Alvaro Duarte Espinoza";2025;9;2025-09-05;25000;12000;37000;pagado;2025-09-01;transferencia
778;14936708-K;"Alvaro Duarte Espinoza";2025;10;2025-10-05;25000;5000;30000;pagado;2025-10-04;tarjeta
779;14936708-K;"Alvaro Duarte Espinoza";2025;11;2025-11-05;25000;0;25000;atrasado;;
780;14936708-K;"Alvaro Duarte Espinoza";2025;12;2025-12-05;25000;5000;30000;atrasado;;
781;6698610-1;"Beatriz Iturra Iturra";2025;1;2025-01-05;25000;0;25000;pagado;2025-01-03;tarjeta
782;6698610-1;"Beatriz Iturra Iturra";2025;2;2025-02-05;25000;5000;30000;pagado;2025-02-01;transferencia
783;6698610-1;"Beatriz Iturra Iturra";2025;3;2025-03-05;25000;12000;37000;pagado;2025-03-05;tarjeta
784;6698610-1;"Beatriz Iturra Iturra";2025;4;2025-04-05;25000;5000;30000;pagado;2025-04-02;transferencia
785;6698610-1;"Beatriz Iturra Iturra";2025;5;2025-05-05;25000;0;25000;pagado;2025-05-04;tarjeta
786;6698610-1;"Beatriz Iturra Iturra";2025;6;2025-06-05;25000;5000;30000;pagado;2025-06-01;transferencia
787;6698610-1;"Beatriz Iturra Iturra";2025;7;2025-07-05;25000;0;25000;pagado;2025-07-05;tarjeta
788;6698610-1;"Beatriz Iturra Iturra";2025;8;2025-08-05;25000;5000;30000;pagado;2025-08-03;transferencia
789;6698610-1;"Beatriz Iturra Iturra";2025;9;2025-09-05;25000;12000;37000;pagado;2025-09-05;tarjeta
790;6698610-1;"Beatriz Iturra Iturra";2025;10;2025-10-05;25000;5000;30000;pagado;2025-10-01;transferencia
791;6698610-1;"Beatriz Iturra Iturra";2025;11;2025-11-05;25000;0;25000;atrasado;;
792;6698610-1;"Beatriz Iturra Iturra";2025;12;2025-12-05;25000;5000;30000;atrasado;;
805;19150099-7;"Javiera Jara Nuñez";2025;1;2025-01-05;25000;0;25000;pagado;2025-01-03;tarjeta
806;19150099-7;"Javiera Jara Nuñez";2025;2;2025-02-05;25000;5000;30000;pagado;2025-02-01;transferencia
807;19150099-7;"Javiera Jara Nuñez";2025;3;2025-03-05;25000;12000;37000;pagado;2025-03-05;tarjeta
808;19150099-7;"Javiera Jara Nuñez";2025;4;2025-04-05;25000;5000;30000;pagado;2025-04-02;transferencia
809;19150099-7;"Javiera Jara Nuñez";2025;5;2025-05-05;25000;0;25000;pagado;2025-05-04;tarjeta
810;19150099-7;"Javiera Jara Nuñez";2025;6;2025-06-05;25000;5000;30000;pagado;2025-06-01;transferencia
811;19150099-7;"Javiera Jara Nuñez";2025;7;2025-07-05;25000;0;25000;pagado;2025-07-05;tarjeta
812;19150099-7;"Javiera Jara Nuñez";2025;8;2025-08-05;25000;5000;30000;pagado;2025-08-03;transferencia
813;19150099-7;"Javiera Jara Nuñez";2025;9;2025-09-05;25000;12000;37000;pagado;2025-09-05;tarjeta
814;19150099-7;"Javiera Jara Nuñez";2025;10;2025-10-05;25000;5000;30000;pagado;2025-10-01;transferencia
815;19150099-7;"Javiera Jara Nuñez";2025;11;2025-11-05;25000;0;25000;atrasado;;
816;19150099-7;"Javiera Jara Nuñez";2025;12;2025-12-05;25000;5000;30000;atrasado;;
841;22405688-5;"Helena Ortiz Iturra";2025;1;2025-01-05;25000;0;25000;pagado;2025-01-04;transferencia
842;22405688-5;"Helena Ortiz Iturra";2025;2;2025-02-05;25000;5000;30000;pagado;2025-02-05;tarjeta
843;22405688-5;"Helena Ortiz Iturra";2025;3;2025-03-05;25000;12000;37000;pagado;2025-03-03;transferencia
844;22405688-5;"Helena Ortiz Iturra";2025;4;2025-04-05;25000;5000;30000;pagado;2025-04-03;tarjeta
845;22405688-5;"Diego Rojas";2025;5;2025-05-05;25000;0;25000;pagado;2025-05-01;transferencia
5001;24887596-8;"Mauricio Barrera Duarte";2026;1;2026-01-05;35000;0;35000;pagado;2026-01-01;transferencia
5002;24887596-8;"Mauricio Barrera Duarte";2026;2;2026-02-05;35000;0;35000;atrasado;;
5003;24887596-8;"Mauricio Barrera Duarte";2026;3;2026-03-05;35000;0;35000;pagado;2026-03-02;tarjeta_credito
5004;24887596-8;"Mauricio Barrera Duarte";2026;4;2026-04-05;35000;0;35000;atrasado;;
5005;24887596-8;"Mauricio Barrera Duarte";2026;5;2026-05-05;35000;0;35000;pagado;2026-05-03;efectivo
5006;24887596-8;"Mauricio Barrera Duarte";2026;6;2026-06-05;35000;0;35000;atrasado;;
5007;24887596-8;"Mauricio Barrera Duarte";2026;7;2026-07-05;35000;0;35000;pagado;2026-07-01;transferencia
5008;24887596-8;"Mauricio Barrera Duarte";2026;8;2026-08-05;35000;0;35000;atrasado;;
5009;24887596-8;"Mauricio Barrera Duarte";2026;9;2026-09-05;35000;0;35000;pagado;2026-09-02;tarjeta_credito
5010;24887596-8;"Mauricio Barrera Duarte";2026;10;2026-10-05;35000;0;35000;atrasado;;
5011;24887596-8;"Mauricio Barrera Duarte";2026;11;2026-11-05;35000;0;35000;pagado;2026-11-03;efectivo
5012;24887596-8;"Mauricio Barrera Duarte";2026;12;2026-12-05;35000;0;35000;atrasado;;
5025;11606281-K;"Claudio Quezada Ortiz";2026;1;2026-01-05;35000;0;35000;pagado;2026-01-02;transferencia
5026;11606281-K;"Claudio Quezada Ortiz";2026;2;2026-02-05;35000;0;35000;atrasado;;
5027;11606281-K;"Claudio Quezada Ortiz";2026;3;2026-03-05;35000;0;35000;pagado;2026-03-05;tarjeta_credito
5028;11606281-K;"Claudio Quezada Ortiz";2026;4;2026-04-05;35000;0;35000;atrasado;;
5029;11606281-K;"Claudio Quezada Ortiz";2026;5;2026-05-05;35000;0;35000;pagado;2026-05-01;efectivo
5030;11606281-K;"Claudio Quezada Ortiz";2026;6;2026-06-05;35000;0;35000;atrasado;;
5031;11606281-K;"Claudio Quezada Ortiz";2026;7;2026-07-05;35000;0;35000;pagado;2026-07-03;transferencia
5032;11606281-K;"Claudio Quezada Ortiz";2026;8;2026-08-05;35000;0;35000;atrasado;;
5033;11606281-K;"Claudio Quezada Ortiz";2026;9;2026-09-05;35000;0;35000;pagado;2026-09-04;tarjeta_credito
5034;11606281-K;"Claudio Quezada Ortiz";2026;10;2026-10-05;35000;0;35000;atrasado;;
5035;11606281-K;"Claudio Quezada Ortiz";2026;11;2026-11-05;35000;0;35000;pagado;2026-11-02;efectivo
5036;11606281-K;"Claudio Quezada Ortiz";2026;12;2026-12-05;35000;0;35000;atrasado;;
5073;20848551-2;"Daniela Henriquez Fuentes";2026;1;2026-01-05;35000;0;35000;pagado;2026-01-02;transferencia
5074;20848551-2;"Daniela Henriquez Fuentes";2026;2;2026-02-05;35000;0;35000;atrasado;;
5075;20848551-2;"Daniela Henriquez Fuentes";2026;3;2026-03-05;35000;0;35000;pagado;2026-03-05;tarjeta_credito
5076;20848551-2;"Daniela Henriquez Fuentes";2026;4;2026-04-05;35000;0;35000;atrasado;;
5077;20848551-2;"Daniela Henriquez Fuentes";2026;5;2026-05-05;35000;0;35000;pagado;2026-05-01;efectivo
5078;20848551-2;"Daniela Henriquez Fuentes";2026;6;2026-06-05;35000;0;35000;atrasado;;
5079;20848551-2;"Daniela Henriquez Fuentes";2026;7;2026-07-05;35000;0;35000;pagado;2026-07-03;transferencia
5080;20848551-2;"Daniela Henriquez Fuentes";2026;8;2026-08-05;35000;0;35000;atrasado;;
5081;20848551-2;"Daniela Henriquez Fuentes";2026;9;2026-09-05;35000;0;35000;pagado;2026-09-04;tarjeta_credito
5082;20848551-2;"Daniela Henriquez Fuentes";2026;10;2026-10-05;35000;0;35000;atrasado;;
5083;20848551-2;"Daniela Henriquez Fuentes";2026;11;2026-11-05;35000;0;35000;pagado;2026-11-02;efectivo
5084;20848551-2;"Daniela Henriquez Fuentes";2026;12;2026-12-05;35000;0;35000;atrasado;;
5085;22997716-4;"Natalia Duarte Nuñez";2026;1;2026-01-05;35000;0;35000;atrasado;;
5086;22997716-4;"Natalia Duarte Nuñez";2026;2;2026-02-05;35000;0;35000;pagado;2026-02-03;transferencia
5087;22997716-4;"Natalia Duarte Nuñez";2026;3;2026-03-05;35000;0;35000;atrasado;;
5088;22997716-4;"Natalia Duarte Nuñez";2026;4;2026-04-05;35000;0;35000;pagado;2026-04-05;tarjeta_credito
5089;22997716-4;"Natalia Duarte Nuñez";2026;5;2026-05-05;35000;0;35000;atrasado;;
5090;22997716-4;"Natalia Duarte Nuñez";2026;6;2026-06-05;35000;0;35000;pagado;2026-06-01;efectivo
5091;22997716-4;"Natalia Duarte Nuñez";2026;7;2026-07-05;35000;0;35000;atrasado;;
5092;22997716-4;"Natalia Duarte Nuñez";2026;8;2026-08-05;35000;0;35000;pagado;2026-08-04;transferencia
5093;22997716-4;"Natalia Duarte Nuñez";2026;9;2026-09-05;35000;0;35000;atrasado;;
5094;22997716-4;"Natalia Duarte Nuñez";2026;10;2026-10-05;35000;0;35000;pagado;2026-10-02;tarjeta_credito
5095;22997716-4;"Natalia Duarte Nuñez";2026;11;2026-11-05;35000;0;35000;atrasado;;
5096;22997716-4;"Natalia Duarte Nuñez";2026;12;2026-12-05;35000;0;35000;pagado;2026-12-05;efectivo
5097;15182198-7;"Patricia Duarte Espinoza";2026;1;2026-01-05;35000;0;35000;pagado;2026-01-02;transferencia
5098;15182198-7;"Patricia Duarte Espinoza";2026;2;2026-02-05;35000;0;35000;atrasado;;
5099;15182198-7;"Patricia Duarte Espinoza";2026;3;2026-03-05;35000;0;35000;pagado;2026-03-04;tarjeta_credito
5100;15182198-7;"Patricia Duarte Espinoza";2026;4;2026-04-05;35000;0;35000;atrasado;;
5101;15182198-7;"Patricia Duarte Espinoza";2026;5;2026-05-05;35000;0;35000;pagado;2026-05-01;efectivo
5102;15182198-7;"Patricia Duarte Espinoza";2026;6;2026-06-05;35000;0;35000;atrasado;;
5103;15182198-7;"Patricia Duarte Espinoza";2026;7;2026-07-05;35000;0;35000;pagado;2026-07-03;transferencia
5104;15182198-7;"Patricia Duarte Espinoza";2026;8;2026-08-05;35000;0;35000;atrasado;;
5105;15182198-7;"Patricia Duarte Espinoza";2026;9;2026-09-05;35000;0;35000;pagado;2026-09-02;tarjeta_credito
5106;15182198-7;"Patricia Duarte Espinoza";2026;10;2026-10-05;35000;0;35000;atrasado;;
5107;15182198-7;"Patricia Duarte Espinoza";2026;11;2026-11-05;35000;0;35000;pagado;2026-11-04;efectivo
5108;15182198-7;"Patricia Duarte Espinoza";2026;12;2026-12-05;35000;0;35000;atrasado;;
5133;16804818-1;"Loreto Alvarez Mendez";2026;1;2026-01-05;35000;0;35000;atrasado;;
5134;16804818-1;"Loreto Alvarez Mendez";2026;2;2026-02-05;35000;0;35000;pagado;2026-02-02;transferencia
5135;16804818-1;"Loreto Alvarez Mendez";2026;3;2026-03-05;35000;0;35000;atrasado;;
5136;16804818-1;"Loreto Alvarez Mendez";2026;4;2026-04-05;35000;0;35000;pagado;2026-04-01;tarjeta_credito
5137;16804818-1;"Loreto Alvarez Mendez";2026;5;2026-05-05;35000;0;35000;atrasado;;
5138;16804818-1;"Loreto Alvarez Mendez";2026;6;2026-06-05;35000;0;35000;pagado;2026-06-04;efectivo
5139;16804818-1;"Loreto Alvarez Mendez";2026;7;2026-07-05;35000;0;35000;atrasado;;
5140;16804818-1;"Loreto Alvarez Mendez";2026;8;2026-08-05;35000;0;35000;pagado;2026-08-05;transferencia
5141;16804818-1;"Loreto Alvarez Mendez";2026;9;2026-09-05;35000;0;35000;atrasado;;
5142;16804818-1;"Loreto Alvarez Mendez";2026;10;2026-10-05;35000;0;35000;pagado;2026-10-03;tarjeta_credito
5143;16804818-1;"Loreto Alvarez Mendez";2026;11;2026-11-05;35000;0;35000;atrasado;;
5144;16804818-1;"Loreto Alvarez Mendez";2026;12;2026-12-05;35000;0;35000;pagado;2026-12-01;efectivo
5145;5058856-4;"Beatriz Alvarez Lagos";2026;1;2026-01-05;35000;0;35000;pagado;2026-01-03;transferencia
5146;5058856-4;"Beatriz Alvarez Lagos";2026;2;2026-02-05;35000;0;35000;atrasado;;
5147;5058856-4;"Beatriz Alvarez Lagos";2026;3;2026-03-05;35000;0;35000;pagado;2026-03-04;tarjeta_credito
5148;5058856-4;"Beatriz Alvarez Lagos";2026;4;2026-04-05;35000;0;35000;atrasado;;
5149;5058856-4;"Beatriz Alvarez Lagos";2026;5;2026-05-05;35000;0;35000;pagado;2026-05-02;efectivo
5150;5058856-4;"Beatriz Alvarez Lagos";2026;6;2026-06-05;35000;0;35000;atrasado;;
5151;5058856-4;"Beatriz Alvarez Lagos";2026;7;2026-07-05;35000;0;35000;pagado;2026-07-05;transferencia
5152;5058856-4;"Beatriz Alvarez Lagos";2026;8;2026-08-05;35000;0;35000;atrasado;;
5153;5058856-4;"Beatriz Alvarez Lagos";2026;9;2026-09-05;35000;0;35000;pagado;2026-09-01;tarjeta_credito
5154;5058856-4;"Beatriz Alvarez Lagos";2026;10;2026-10-05;35000;0;35000;atrasado;;
5155;5058856-4;"Beatriz Alvarez Lagos";2026;11;2026-11-05;35000;0;35000;pagado;2026-11-04;efectivo
5156;5058856-4;"Beatriz Alvarez Lagos";2026;12;2026-12-05;35000;0;35000;atrasado;;
5157;12170069-7;"Oscar Contreras Lagos";2026;1;2026-01-05;35000;0;35000;atrasado;;
5158;12170069-7;"Oscar Contreras Lagos";2026;2;2026-02-05;35000;0;35000;pagado;2026-02-05;transferencia
5159;12170069-7;"Oscar Contreras Lagos";2026;3;2026-03-05;35000;0;35000;atrasado;;
5160;12170069-7;"Camila Gonzalez";2026;4;2026-04-05;35000;0;35000;pagado;2026-04-01;tarjeta_credito
5161;12170069-7;"Oscar Contreras Lagos";2026;5;2026-05-05;35000;0;35000;atrasado;;
5162;12170069-7;"Oscar Contreras Lagos";2026;6;2026-06-05;35000;0;35000;pagado;2026-06-03;efectivo
5163;12170069-7;"Oscar Contreras Lagos";2026;7;2026-07-05;35000;0;35000;atrasado;;
5164;12170069-7;"Oscar Contreras Lagos";2026;8;2026-08-05;35000;0;35000;pagado;2026-08-02;transferencia
5165;12170069-7;"Oscar Contreras Lagos";2026;9;2026-09-05;35000;0;35000;atrasado;;
5166;12170069-7;"Oscar Contreras Lagos";2026;10;2026-10-05;35000;0;35000;pagado;2026-10-05;tarjeta_credito
5167;12170069-7;"Oscar Contreras Lagos";2026;11;2026-11-05;35000;0;35000;atrasado;;
5168;12170069-7;"Oscar Contreras Lagos";2026;12;2026-12-05;35000;0;35000;pagado;2026-12-04;efectivo
5169;24692054-0;"Loreto Duarte Quezada";2026;1;2026-01-05;35000;0;35000;pagado;2026-01-02;transferencia
5170;24692054-0;"Loreto Duarte Quezada";2026;2;2026-02-05;35000;0;35000;atrasado;;
5171;24692054-0;"Loreto Duarte Quezada";2026;3;2026-03-05;35000;0;35000;pagado;2026-03-01;tarjeta_credito
5172;24692054-0;"Loreto Duarte Quezada";2026;4;2026-04-05;35000;0;35000;atrasado;;
5173;24692054-0;"Loreto Duarte Quezada";2026;5;2026-05-05;35000;0;35000;pagado;2026-05-05;efectivo
5174;24692054-0;"Loreto Duarte Quezada";2026;6;2026-06-05;35000;0;35000;atrasado;;
5175;24692054-0;"Loreto Duarte Quezada";2026;7;2026-07-05;35000;0;35000;pagado;2026-07-03;transferencia
5176;24692054-0;"Loreto Duarte Quezada";2026;8;2026-08-05;35000;0;35000;atrasado;;
5177;24692054-0;"Loreto Duarte Quezada";2026;9;2026-09-05;35000;0;35000;pagado;2026-09-02;tarjeta_credito
5178;24692054-0;"Loreto Duarte Quezada";2026;10;2026-10-05;35000;0;35000;atrasado;;
5179;24692054-0;"Loreto Duarte Quezada";2026;11;2026-11-05;35000;0;35000;pagado;2026-11-04;efectivo
5180;24692054-0;"Loreto Duarte Quezada";2026;12;2026-12-05;35000;0;35000;atrasado;;
5193;16701421-6;"Felicia Henriquez Nuñez";2026;1;2026-01-05;35000;0;35000;pagado;2026-01-01;transferencia
5194;16701421-6;"Felicia Henriquez Nuñez";2026;2;2026-02-05;35000;0;35000;atrasado;;
5195;16701421-6;"Felicia Henriquez Nuñez";2026;3;2026-03-05;35000;0;35000;pagado;2026-03-05;tarjeta_credito
5196;16701421-6;"Felicia Henriquez Nuñez";2026;4;2026-04-05;35000;0;35000;atrasado;;
5197;16701421-6;"Felicia Henriquez Nuñez";2026;5;2026-05-05;35000;0;35000;pagado;2026-05-03;efectivo
5198;16701421-6;"Felicia Henriquez Nuñez";2026;6;2026-06-05;35000;0;35000;atrasado;;
5199;16701421-6;"Felicia Henriquez Nuñez";2026;7;2026-07-05;35000;0;35000;pagado;2026-07-02;transferencia
5200;16701421-6;"Felicia Henriquez Nuñez";2026;8;2026-08-05;35000;0;35000;atrasado;;
5201;16701421-6;"Felicia Henriquez Nuñez";2026;9;2026-09-05;35000;0;35000;pagado;2026-09-01;tarjeta_credito
5202;16701421-6;"Felicia Henriquez Nuñez";2026;10;2026-10-05;35000;0;35000;atrasado;;
5203;16701421-6;"Felicia Henriquez Nuñez";2026;11;2026-11-05;35000;0;35000;pagado;2026-11-04;efectivo
5204;16701421-6;"Felicia Henriquez Nuñez";2026;12;2026-12-05;35000;0;35000;atrasado;;
5205;22924363-2;"Beatriz Jara Ortiz";2026;1;2026-01-05;35000;0;35000;atrasado;;
5206;22924363-2;"Beatriz Jara Ortiz";2026;2;2026-02-05;35000;0;35000;pagado;2026-02-03;transferencia
5207;22924363-2;"Beatriz Jara Ortiz";2026;3;2026-03-05;35000;0;35000;atrasado;;
5208;22924363-2;"Beatriz Jara Ortiz";2026;4;2026-04-05;35000;0;35000;pagado;2026-04-05;tarjeta_credito
5209;22924363-2;"Beatriz Jara Ortiz";2026;5;2026-05-05;35000;0;35000;atrasado;;
5210;22924363-2;"Beatriz Jara Ortiz";2026;6;2026-06-05;35000;0;35000;pagado;2026-06-02;efectivo
5211;22924363-2;"Beatriz Jara Ortiz";2026;7;2026-07-05;35000;0;35000;atrasado;;
5212;22924363-2;"Beatriz Jara Ortiz";2026;8;2026-08-05;35000;0;35000;pagado;2026-08-05;transferencia
5213;22924363-2;"Beatriz Jara Ortiz";2026;9;2026-09-05;35000;0;35000;atrasado;;
5214;22924363-2;"Beatriz Jara Ortiz";2026;10;2026-10-05;35000;0;35000;pagado;2026-10-01;tarjeta_credito
5215;22924363-2;"Beatriz Jara Ortiz";2026;11;2026-11-05;35000;0;35000;atrasado;;
5216;22924363-2;"Beatriz Jara Ortiz";2026;12;2026-12-05;35000;0;35000;pagado;2026-12-04;efectivo
5217;12620839-1;"Diego Gonzalez";2026;1;2026-01-05;35000;0;35000;pagado;2026-01-02;transferencia
5218;12620839-1;"Patricia Quezada Iturra";2026;2;2026-02-05;35000;0;35000;atrasado;;
5219;12620839-1;"Patricia Quezada Iturra";2026;3;2026-03-05;35000;0;35000;pagado;2026-03-05;tarjeta_credito
5220;12620839-1;"Patricia Quezada Iturra";2026;4;2026-04-05;35000;0;35000;atrasado;;
5221;12620839-1;"Patricia Quezada Iturra";2026;5;2026-05-05;35000;0;35000;pagado;2026-05-01;efectivo
5222;12620839-1;"Patricia Quezada Iturra";2026;6;2026-06-05;35000;0;35000;atrasado;;
5223;12620839-1;"Patricia Quezada Iturra";2026;7;2026-07-05;35000;0;35000;pagado;2026-07-03;transferencia
5224;12620839-1;"Patricia Quezada Iturra";2026;8;2026-08-05;35000;0;35000;atrasado;;
5225;12620839-1;"Patricia Quezada Iturra";2026;9;2026-09-05;35000;0;35000;pagado;2026-09-04;tarjeta_credito
5226;12620839-1;"Patricia Quezada Iturra";2026;10;2026-10-05;35000;0;35000;atrasado;;
5227;12620839-1;"Patricia Quezada Iturra";2026;11;2026-11-05;35000;0;35000;pagado;2026-11-02;efectivo
5228;12620839-1;"Patricia Quezada Iturra";2026;12;2026-12-05;35000;0;35000;atrasado;;
5265;12735469-3;"Daniela Quezada Nuñez";2026;1;2026-01-05;35000;0;35000;pagado;2026-01-01;transferencia
5266;12735469-3;"Daniela Quezada Nuñez";2026;2;2026-02-05;35000;0;35000;atrasado;;
5267;12735469-3;"Daniela Quezada Nuñez";2026;3;2026-03-05;35000;0;35000;pagado;2026-03-02;tarjeta_credito
5268;12735469-3;"Daniela Quezada Nuñez";2026;4;2026-04-05;35000;0;35000;atrasado;;
5269;12735469-3;"Daniela Quezada Nuñez";2026;5;2026-05-05;35000;0;35000;pagado;2026-05-03;efectivo
5270;12735469-3;"Daniela Quezada Nuñez";2026;6;2026-06-05;35000;0;35000;atrasado;;
5271;12735469-3;"Daniela Quezada Nuñez";2026;7;2026-07-05;35000;0;35000;pagado;2026-07-05;transferencia
5272;12735469-3;"Daniela Quezada Nuñez";2026;8;2026-08-05;35000;0;35000;atrasado;;
5273;12735469-3;"Daniela Quezada Nuñez";2026;9;2026-09-05;35000;0;35000;pagado;2026-09-04;tarjeta_credito
5274;12735469-3;"Daniela Quezada Nuñez";2026;10;2026-10-05;35000;0;35000;atrasado;;
5275;12735469-3;"Daniela Quezada Nuñez";2026;11;2026-11-05;35000;0;35000;pagado;2026-11-02;efectivo
5276;12735469-3;"Daniela Quezada Nuñez";2026;12;2026-12-05;35000;0;35000;atrasado;;
5277;21265551-1;"Enrique Quezada Mendez";2026;1;2026-01-05;35000;0;35000;atrasado;;
5278;21265551-1;"Enrique Quezada Mendez";2026;2;2026-02-05;35000;0;35000;pagado;2026-02-03;transferencia
5279;21265551-1;"Enrique Quezada Mendez";2026;3;2026-03-05;35000;0;35000;atrasado;;
5280;21265551-1;"Enrique Quezada Mendez";2026;4;2026-04-05;35000;0;35000;pagado;2026-04-05;tarjeta_credito
5281;21265551-1;"Enrique Quezada Mendez";2026;5;2026-05-05;35000;0;35000;atrasado;;
5282;21265551-1;"Enrique Quezada Mendez";2026;6;2026-06-05;35000;0;35000;pagado;2026-06-01;efectivo
5283;21265551-1;"Enrique Quezada Mendez";2026;7;2026-07-05;35000;0;35000;atrasado;;
5284;21265551-1;"Enrique Quezada Mendez";2026;8;2026-08-05;35000;0;35000;pagado;2026-08-04;transferencia
5285;21265551-1;"Enrique Quezada Mendez";2026;9;2026-09-05;35000;0;35000;atrasado;;
5286;21265551-1;"Enrique Quezada Mendez";2026;10;2026-10-05;35000;0;35000;pagado;2026-10-02;tarjeta_credito
5287;21265551-1;"Enrique Quezada Mendez";2026;11;2026-11-05;35000;0;35000;atrasado;;
5288;21265551-1;"Enrique Quezada Mendez";2026;12;2026-12-05;35000;0;35000;pagado;2026-12-05;efectivo
5289;20789127-4;"Daniela Henriquez Duarte";2026;1;2026-01-05;35000;0;35000;pagado;2026-01-04;transferencia
5290;20789127-4;"Daniela Henriquez Duarte";2026;2;2026-02-05;35000;0;35000;atrasado;;
5291;20789127-4;"Daniela Henriquez Duarte";2026;3;2026-03-05;35000;0;35000;pagado;2026-03-01;tarjeta_credito
5292;20789127-4;"Daniela Henriquez Duarte";2026;4;2026-04-05;35000;0;35000;atrasado;;
5293;20789127-4;"Daniela Henriquez Duarte";2026;5;2026-05-05;35000;0;35000;pagado;2026-05-03;efectivo
5294;20789127-4;"Daniela Henriquez Duarte";2026;6;2026-06-05;35000;0;35000;atrasado;;
5295;20789127-4;"Daniela Henriquez Duarte";2026;7;2026-07-05;35000;0;35000;pagado;2026-07-01;transferencia
5296;20789127-4;"Daniela Henriquez Duarte";2026;8;2026-08-05;35000;0;35000;atrasado;;
5297;20789127-4;"Daniela Henriquez Duarte";2026;9;2026-09-05;35000;0;35000;pagado;2026-09-04;tarjeta_credito
5298;20789127-4;"Daniela Henriquez Duarte";2026;10;2026-10-05;35000;0;35000;atrasado;;
5299;20789127-4;"Daniela Henriquez Duarte";2026;11;2026-11-05;35000;0;35000;pagado;2026-11-05;efectivo
5300;20789127-4;"Daniela Henriquez Duarte";2026;12;2026-12-05;35000;0;35000;atrasado;;
5349;17526820-0;"Ignacio Espinoza Galdames";2026;1;2026-01-05;35000;0;35000;atrasado;;
5350;17526820-0;"Ignacio Espinoza Galdames";2026;2;2026-02-05;35000;0;35000;pagado;2026-02-02;transferencia
5351;17526820-0;"Ignacio Espinoza Galdames";2026;3;2026-03-05;35000;0;35000;atrasado;;
5352;17526820-0;"Ignacio Espinoza Galdames";2026;4;2026-04-05;35000;0;35000;pagado;2026-04-05;tarjeta_credito
5353;17526820-0;"Ignacio Espinoza Galdames";2026;5;2026-05-05;35000;0;35000;atrasado;;
5354;17526820-0;"Ignacio Espinoza Galdames";2026;6;2026-06-05;35000;0;35000;pagado;2026-06-03;efectivo
5355;17526820-0;"Ignacio Espinoza Galdames";2026;7;2026-07-05;35000;0;35000;atrasado;;
5356;17526820-0;"Ignacio Espinoza Galdames";2026;8;2026-08-05;35000;0;35000;pagado;2026-08-04;transferencia
5357;17526820-0;"Ignacio Espinoza Galdames";2026;9;2026-09-05;35000;0;35000;atrasado;;
5358;17526820-0;"Ignacio Espinoza Galdames";2026;10;2026-10-05;35000;0;35000;pagado;2026-10-02;tarjeta_credito
5359;17526820-0;"Ignacio Espinoza Galdames";2026;11;2026-11-05;35000;0;35000;atrasado;;
5360;17526820-0;"Ignacio Espinoza Galdames";2026;12;2026-12-05;35000;0;35000;pagado;2026-12-05;efectivo
5361;16103628-5;"Helena Alvarez Mendez";2026;1;2026-01-05;35000;0;35000;pagado;2026-01-01;transferencia
5362;16103628-5;"Helena Alvarez Mendez";2026;2;2026-02-05;35000;0;35000;atrasado;;
5363;16103628-5;"Helena Alvarez Mendez";2026;3;2026-03-05;35000;0;35000;pagado;2026-03-04;tarjeta_credito
5364;16103628-5;"Helena Alvarez Mendez";2026;4;2026-04-05;35000;0;35000;atrasado;;
5365;16103628-5;"Helena Alvarez Mendez";2026;5;2026-05-05;35000;0;35000;pagado;2026-05-02;efectivo
5366;16103628-5;"Helena Alvarez Mendez";2026;6;2026-06-05;35000;0;35000;atrasado;;
5367;16103628-5;"Helena Alvarez Mendez";2026;7;2026-07-05;35000;0;35000;pagado;2026-07-03;transferencia
5368;16103628-5;"Helena Alvarez Mendez";2026;8;2026-08-05;35000;0;35000;atrasado;;
5369;16103628-5;"Helena Alvarez Mendez";2026;9;2026-09-05;35000;0;35000;pagado;2026-09-01;tarjeta_credito
5370;16103628-5;"Helena Alvarez Mendez";2026;10;2026-10-05;35000;0;35000;atrasado;;
5371;16103628-5;"Helena Alvarez Mendez";2026;11;2026-11-05;35000;0;35000;pagado;2026-11-04;efectivo
5372;16103628-5;"Helena Alvarez Mendez";2026;12;2026-12-05;35000;0;35000;atrasado;;
5373;24941085-3;"Natalia Contreras Jara";2026;1;2026-01-05;35000;0;35000;atrasado;;
5374;24941085-3;"Natalia Contreras Jara";2026;2;2026-02-05;35000;0;35000;pagado;2026-02-01;transferencia
5375;24941085-3;"Natalia Contreras Jara";2026;3;2026-03-05;35000;0;35000;atrasado;;
5376;24941085-3;"Natalia Contreras Jara";2026;4;2026-04-05;35000;0;35000;pagado;2026-04-02;tarjeta_credito
5377;24941085-3;"Natalia Contreras Jara";2026;5;2026-05-05;35000;0;35000;atrasado;;
5378;24941085-3;"Natalia Contreras Jara";2026;6;2026-06-05;35000;0;35000;pagado;2026-06-05;efectivo
5379;24941085-3;"Natalia Contreras Jara";2026;7;2026-07-05;35000;0;35000;atrasado;;
5380;24941085-3;"Natalia Contreras Jara";2026;8;2026-08-05;35000;0;35000;pagado;2026-08-03;transferencia
5381;24941085-3;"Ana Rojas";2026;9;2026-09-05;35000;0;35000;atrasado;;
5382;24941085-3;"Natalia Contreras Jara";2026;10;2026-10-05;35000;0;35000;pagado;2026-10-04;tarjeta_credito
5383;24941085-3;"Natalia Contreras Jara";2026;11;2026-11-05;35000;0;35000;atrasado;;
5384;24941085-3;"Natalia Contreras Jara";2026;12;2026-12-05;35000;0;35000;pagado;2026-12-02;efectivo
5385;21325038-8;"Loreto Nuñez Henriquez";2026;1;2026-01-05;35000;0;35000;pagado;2026-01-01;transferencia
5386;21325038-8;"Loreto Nuñez Henriquez";2026;2;2026-02-05;35000;0;35000;atrasado;;
5387;21325038-8;"Loreto Nuñez Henriquez";2026;3;2026-03-05;35000;0;35000;pagado;2026-03-05;tarjeta_credito
5388;21325038-8;"Loreto Nuñez Henriquez";2026;4;2026-04-05;35000;0;35000;atrasado;;
5389;21325038-8;"Loreto Nuñez Henriquez";2026;5;2026-05-05;35000;0;35000;pagado;2026-05-03;efectivo
5390;21325038-8;"Loreto Nuñez Henriquez";2026;6;2026-06-05;35000;0;35000;atrasado;;
5391;21325038-8;"Loreto Nuñez Henriquez";2026;7;2026-07-05;35000;0;35000;pagado;2026-07-02;transferencia
5392;21325038-8;"Loreto Nuñez Henriquez";2026;8;2026-08-05;35000;0;35000;atrasado;;
5393;21325038-8;"Loreto Nuñez Henriquez";2026;9;2026-09-05;35000;0;35000;pagado;2026-09-01;tarjeta_credito
5394;21325038-8;"Loreto Nuñez Henriquez";2026;10;2026-10-05;35000;0;35000;atrasado;;
5395;21325038-8;"Loreto Nuñez Henriquez";2026;11;2026-11-05;35000;0;35000;pagado;2026-11-04;efectivo
5396;21325038-8;"Loreto Nuñez Henriquez";2026;12;2026-12-05;35000;0;35000;atrasado;;
5433;23230624-6;"Patricia Jara Espinoza";2026;1;2026-01-05;35000;0;35000;pagado;2026-01-01;transferencia
5434;23230624-6;"Patricia Jara Espinoza";2026;2;2026-02-05;35000;0;35000;atrasado;;
5435;23230624-6;"Patricia Jara Espinoza";2026;3;2026-03-05;35000;0;35000;pagado;2026-03-03;tarjeta_credito
5436;23230624-6;"Patricia Jara Espinoza";2026;4;2026-04-05;35000;0;35000;atrasado;;
5437;23230624-6;"Patricia Jara Espinoza";2026;5;2026-05-05;35000;0;35000;pagado;2026-05-04;efectivo
5438;23230624-6;"Patricia Jara Espinoza";2026;6;2026-06-05;35000;0;35000;atrasado;;
5439;23230624-6;"Patricia Jara Espinoza";2026;7;2026-07-05;35000;0;35000;pagado;2026-07-05;transferencia
5440;23230624-6;"Patricia Jara Espinoza";2026;8;2026-08-05;35000;0;35000;atrasado;;
5441;23230624-6;"Patricia Jara Espinoza";2026;9;2026-09-05;35000;0;35000;pagado;2026-09-02;tarjeta_credito
5442;23230624-6;"Patricia Jara Espinoza";2026;10;2026-10-05;35000;0;35000;atrasado;;
5443;23230624-6;"Patricia Jara Espinoza";2026;11;2026-11-05;35000;0;35000;pagado;2026-11-01;efectivo
5444;23230624-6;"Patricia Jara Espinoza";2026;12;2026-12-05;35000;0;35000;atrasado;;
5457;9081387-0;"Felicia Lagos Ortiz";2026;1;2026-01-05;35000;0;35000;pagado;2026-01-04;transferencia
5458;9081387-0;"Felicia Lagos Ortiz";2026;2;2026-02-05;35000;0;35000;atrasado;;
5459;9081387-0;"Felicia Lagos Ortiz";2026;3;2026-03-05;35000;0;35000;pagado;2026-03-01;tarjeta_credito
5460;9081387-0;"Felicia Lagos Ortiz";2026;4;2026-04-05;35000;0;35000;atrasado;;
5461;9081387-0;"Felicia Lagos Ortiz";2026;5;2026-05-05;35000;0;35000;pagado;2026-05-03;efectivo
5462;9081387-0;"Felicia Lagos Ortiz";2026;6;2026-06-05;35000;0;35000;atrasado;;
5463;9081387-0;"Felicia Lagos Ortiz";2026;7;2026-07-05;35000;0;35000;pagado;2026-07-02;transferencia
5464;9081387-0;"Felicia Lagos Ortiz";2026;8;2026-08-05;35000;0;35000;atrasado;;
5465;9081387-0;"Felicia Lagos Ortiz";2026;9;2026-09-05;35000;0;35000;pagado;2026-09-05;tarjeta_credito
5466;9081387-0;"Felicia Lagos Ortiz";2026;10;2026-10-05;35000;0;35000;atrasado;;
5467;9081387-0;"Felicia Lagos Ortiz";2026;11;2026-11-05;35000;0;35000;pagado;2026-11-03;efectivo
5468;9081387-0;"Felicia Lagos Ortiz";2026;12;2026-12-05;35000;0;35000;atrasado;;
5517;22224530-3;"Alvaro Iturra Mendez";2026;1;2026-01-05;35000;0;35000;atrasado;;
5518;22224530-3;"Alvaro Iturra Mendez";2026;2;2026-02-05;35000;0;35000;pagado;2026-02-02;transferencia
5519;22224530-3;"Alvaro Iturra Mendez";2026;3;2026-03-05;35000;0;35000;atrasado;;
5520;22224530-3;"Alvaro Iturra Mendez";2026;4;2026-04-05;35000;0;35000;pagado;2026-04-01;tarjeta_credito
5521;22224530-3;"Alvaro Iturra Mendez";2026;5;2026-05-05;35000;0;35000;atrasado;;
5522;22224530-3;"Alvaro Iturra Mendez";2026;6;2026-06-05;35000;0;35000;pagado;2026-06-03;efectivo
5523;22224530-3;"Alvaro Iturra Mendez";2026;7;2026-07-05;35000;0;35000;atrasado;;
5524;22224530-3;"Alvaro Iturra Mendez";2026;8;2026-08-05;35000;0;35000;pagado;2026-08-02;transferencia
5525;22224530-3;"Alvaro Iturra Mendez";2026;9;2026-09-05;35000;0;35000;atrasado;;
5526;22224530-3;"Alvaro Iturra Mendez";2026;10;2026-10-05;35000;0;35000;pagado;2026-10-04;tarjeta_credito
5527;22224530-3;"Alvaro Iturra Mendez";2026;11;2026-11-05;35000;0;35000;atrasado;;
5528;22224530-3;"Alvaro Iturra Mendez";2026;12;2026-12-05;35000;0;35000;pagado;2026-12-01;efectivo
5529;21103105-0;"Patricia Quezada Pardo";2026;1;2026-01-05;35000;0;35000;pagado;2026-01-04;transferencia
5530;21103105-0;"Patricia Quezada Pardo";2026;2;2026-02-05;35000;0;35000;atrasado;;
5531;21103105-0;"Patricia Quezada Pardo";2026;3;2026-03-05;35000;0;35000;pagado;2026-03-05;tarjeta_credito
5532;21103105-0;"Patricia Quezada Pardo";2026;4;2026-04-05;35000;0;35000;atrasado;;
5533;21103105-0;"Patricia Quezada Pardo";2026;5;2026-05-05;35000;0;35000;pagado;2026-05-01;efectivo
5534;21103105-0;"Patricia Quezada Pardo";2026;6;2026-06-05;35000;0;35000;atrasado;;
5535;21103105-0;"Patricia Quezada Pardo";2026;7;2026-07-05;35000;0;35000;pagado;2026-07-03;transferencia
5536;21103105-0;"Patricia Quezada Pardo";2026;8;2026-08-05;35000;0;35000;atrasado;;
5537;21103105-0;"Patricia Quezada Pardo";2026;9;2026-09-05;35000;0;35000;pagado;2026-09-04;tarjeta_credito
5538;21103105-0;"Patricia Quezada Pardo";2026;10;2026-10-05;35000;0;35000;atrasado;;
5539;21103105-0;"Patricia Quezada Pardo";2026;11;2026-11-05;35000;0;35000;pagado;2026-11-02;efectivo
5540;21103105-0;"Patricia Quezada Pardo";2026;12;2026-12-05;35000;0;35000;atrasado;;
5541;24480744-5;"Beatriz Barrera Barrera";2026;1;2026-01-05;35000;0;35000;atrasado;;
5542;24480744-5;"Beatriz Barrera Barrera";2026;2;2026-02-05;35000;0;35000;pagado;2026-02-02;transferencia
5543;24480744-5;"Beatriz Barrera Barrera";2026;3;2026-03-05;35000;0;35000;atrasado;;
5544;24480744-5;"Beatriz Barrera Barrera";2026;4;2026-04-05;35000;0;35000;pagado;2026-04-02;tarjeta_credito
5545;24480744-5;"Beatriz Barrera Barrera";2026;5;2026-05-05;35000;0;35000;atrasado;;
5546;24480744-5;"Beatriz Barrera Barrera";2026;6;2026-06-05;35000;0;35000;pagado;2026-06-04;efectivo
5547;24480744-5;"Beatriz Barrera Barrera";2026;7;2026-07-05;35000;0;35000;atrasado;;
5548;24480744-5;"Beatriz Barrera Barrera";2026;8;2026-08-05;35000;0;35000;pagado;2026-08-05;transferencia
5549;24480744-5;"Beatriz Barrera Barrera";2026;9;2026-09-05;35000;0;35000;atrasado;;
5550;24480744-5;"Beatriz Barrera Barrera";2026;10;2026-10-05;35000;0;35000;pagado;2026-10-03;tarjeta_credito
5551;24480744-5;"Beatriz Barrera Barrera";2026;11;2026-11-05;35000;0;35000;atrasado;;
5552;24480744-5;"Beatriz Barrera Barrera";2026;12;2026-12-05;35000;0;35000;pagado;2026-12-01;efectivo
5553;24548958-7;"Loreto Alvarez Fuentes";2026;1;2026-01-05;35000;0;35000;pagado;2026-01-01;transferencia
5554;24548958-7;"Loreto Alvarez Fuentes";2026;2;2026-02-05;35000;0;35000;atrasado;;
5555;24548958-7;"Loreto Alvarez Fuentes";2026;3;2026-03-05;35000;0;35000;pagado;2026-03-03;tarjeta_credito
5556;24548958-7;"Loreto Alvarez Fuentes";2026;4;2026-04-05;35000;0;35000;atrasado;;
5557;24548958-7;"Loreto Alvarez Fuentes";2026;5;2026-05-05;35000;0;35000;pagado;2026-05-05;efectivo
5558;24548958-7;"Loreto Alvarez Fuentes";2026;6;2026-06-05;35000;0;35000;atrasado;;
5559;24548958-7;"Loreto Alvarez Fuentes";2026;7;2026-07-05;35000;0;35000;pagado;2026-07-04;transferencia
5560;24548958-7;"Loreto Alvarez Fuentes";2026;8;2026-08-05;35000;0;35000;atrasado;;
5561;24548958-7;"Loreto Alvarez Fuentes";2026;9;2026-09-05;35000;0;35000;pagado;2026-09-01;tarjeta_credito
5562;24548958-7;"Loreto Alvarez Fuentes";2026;10;2026-10-05;35000;0;35000;atrasado;;
5563;24548958-7;"Loreto Alvarez Fuentes";2026;11;2026-11-05;35000;0;35000;pagado;2026-11-03;efectivo
5564;24548958-7;"Loreto Alvarez Fuentes";2026;12;2026-12-05;35000;0;35000;atrasado;;
5565;9151881-3;"Helena Jara Barrera";2026;1;2026-01-05;35000;0;35000;atrasado;;
5566;9151881-3;"Helena Jara Barrera";2026;2;2026-02-05;35000;0;35000;pagado;2026-02-04;transferencia
5567;9151881-3;"Helena Jara Barrera";2026;3;2026-03-05;35000;0;35000;atrasado;;
5568;9151881-3;"Helena Jara Barrera";2026;4;2026-04-05;35000;0;35000;pagado;2026-04-02;tarjeta_credito
5569;9151881-3;"Helena Jara Barrera";2026;5;2026-05-05;35000;0;35000;atrasado;;
5570;9151881-3;"Helena Jara Barrera";2026;6;2026-06-05;35000;0;35000;pagado;2026-06-01;efectivo
5571;9151881-3;"Helena Jara Barrera";2026;7;2026-07-05;35000;0;35000;atrasado;;
5572;9151881-3;"Helena Jara Barrera";2026;8;2026-08-05;35000;0;35000;pagado;2026-08-02;transferencia
5573;9151881-3;"Helena Jara Barrera";2026;9;2026-09-05;35000;0;35000;atrasado;;
5574;9151881-3;"Helena Jara Barrera";2026;10;2026-10-05;35000;0;35000;pagado;2026-10-05;tarjeta_credito
5575;9151881-3;"Helena Jara Barrera";2026;11;2026-11-05;35000;0;35000;atrasado;;
5576;9151881-3;"Helena Jara Barrera";2026;12;2026-12-05;35000;0;35000;pagado;2026-12-03;efectivo
5577;24259004-K;"Gonzalo Espinoza Fuentes";2026;1;2026-01-05;35000;0;35000;pagado;2026-01-02;transferencia
5578;24259004-K;"Gonzalo Espinoza Fuentes";2026;2;2026-02-05;35000;0;35000;atrasado;;
5579;24259004-K;"Gonzalo Espinoza Fuentes";2026;3;2026-03-05;35000;0;35000;pagado;2026-03-04;tarjeta_credito
5580;24259004-K;"Gonzalo Espinoza Fuentes";2026;4;2026-04-05;35000;0;35000;atrasado;;
5581;24259004-K;"Gonzalo Espinoza Fuentes";2026;5;2026-05-05;35000;0;35000;pagado;2026-05-05;efectivo
5582;24259004-K;"Gonzalo Espinoza Fuentes";2026;6;2026-06-05;35000;0;35000;atrasado;;
5583;24259004-K;"Gonzalo Espinoza Fuentes";2026;7;2026-07-05;35000;0;35000;pagado;2026-07-03;transferencia
5584;24259004-K;"Gonzalo Espinoza Fuentes";2026;8;2026-08-05;35000;0;35000;atrasado;;
5585;24259004-K;"Gonzalo Espinoza Fuentes";2026;9;2026-09-05;35000;0;35000;pagado;2026-09-01;tarjeta_credito
5586;24259004-K;"Gonzalo Espinoza Fuentes";2026;10;2026-10-05;35000;0;35000;atrasado;;
5587;24259004-K;"Gonzalo Espinoza Fuentes";2026;11;2026-11-05;35000;0;35000;pagado;2026-11-02;efectivo
5588;24259004-K;"Gonzalo Espinoza Fuentes";2026;12;2026-12-05;35000;0;35000;atrasado;;
5613;24724208-2;"Helena Quezada Duarte";2026;1;2026-01-05;35000;0;35000;atrasado;;
5614;24724208-2;"Helena Quezada Duarte";2026;2;2026-02-05;35000;0;35000;pagado;2026-02-03;transferencia
5615;24724208-2;"Helena Quezada Duarte";2026;3;2026-03-05;35000;0;35000;atrasado;;
5616;24724208-2;"Helena Quezada Duarte";2026;4;2026-04-05;35000;0;35000;pagado;2026-04-05;tarjeta_credito
5617;24724208-2;"Helena Quezada Duarte";2026;5;2026-05-05;35000;0;35000;atrasado;;
5618;24724208-2;"Helena Quezada Duarte";2026;6;2026-06-05;35000;0;35000;pagado;2026-06-02;efectivo
5619;24724208-2;"Helena Quezada Duarte";2026;7;2026-07-05;35000;0;35000;atrasado;;
5620;24724208-2;"Helena Quezada Duarte";2026;8;2026-08-05;35000;0;35000;pagado;2026-08-04;transferencia
5621;24724208-2;"Helena Quezada Duarte";2026;9;2026-09-05;35000;0;35000;atrasado;;
5622;24724208-2;"Helena Quezada Duarte";2026;10;2026-10-05;35000;0;35000;pagado;2026-10-01;tarjeta_credito
5623;24724208-2;"Helena Quezada Duarte";2026;11;2026-11-05;35000;0;35000;atrasado;;
5624;24724208-2;"Helena Quezada Duarte";2026;12;2026-12-05;35000;0;35000;pagado;2026-12-05;efectivo
5625;9897596-9;"Daniela Quezada Contreras";2026;1;2026-01-05;35000;0;35000;pagado;2026-01-04;transferencia
5626;9897596-9;"Daniela Quezada Contreras";2026;2;2026-02-05;35000;0;35000;atrasado;;
5627;9897596-9;"Daniela Quezada Contreras";2026;3;2026-03-05;35000;0;35000;pagado;2026-03-02;tarjeta_credito
5628;9897596-9;"Daniela Quezada Contreras";2026;4;2026-04-05;35000;0;35000;atrasado;;
5629;9897596-9;"Maria Perez";2026;5;2026-05-05;35000;0;35000;pagado;2026-05-04;efectivo
5630;9897596-9;"Daniela Quezada Contreras";2026;6;2026-06-05;35000;0;35000;atrasado;;
5631;9897596-9;"Daniela Quezada Contreras";2026;7;2026-07-05;35000;0;35000;pagado;2026-07-01;transferencia
5632;9897596-9;"Daniela Quezada Contreras";2026;8;2026-08-05;35000;0;35000;atrasado;;
5633;9897596-9;"Daniela Quezada Contreras";2026;9;2026-09-05;35000;0;35000;pagado;2026-09-03;tarjeta_credito
5634;9897596-9;"Daniela Quezada Contreras";2026;10;2026-10-05;35000;0;35000;atrasado;;
5635;9897596-9;"Daniela Quezada Contreras";2026;11;2026-11-05;35000;0;35000;pagado;2026-11-01;efectivo
5636;9897596-9;"Daniela Quezada Contreras";2026;12;2026-12-05;35000;0;35000;atrasado;;
5649;24301503-0;"Natalia Espinoza Ortiz";2026;1;2026-01-05;35000;0;35000;pagado;2026-01-03;transferencia
5650;24301503-0;"Natalia Espinoza Ortiz";2026;2;2026-02-05;35000;0;35000;atrasado;;
5651;24301503-0;"Natalia Espinoza Ortiz";2026;3;2026-03-05;35000;0;35000;pagado;2026-03-05;tarjeta_credito
5652;24301503-0;"Natalia Espinoza Ortiz";2026;4;2026-04-05;35000;0;35000;atrasado;;
5653;24301503-0;"Natalia Espinoza Ortiz";2026;5;2026-05-05;35000;0;35000;pagado;2026-05-01;efectivo
5654;24301503-0;"Natalia Espinoza Ortiz";2026;6;2026-06-05;35000;0;35000;atrasado;;
5655;24301503-0;"Natalia Espinoza Ortiz";2026;7;2026-07-05;35000;0;35000;pagado;2026-07-04;transferencia
5656;24301503-0;"Natalia Espinoza Ortiz";2026;8;2026-08-05;35000;0;35000;atrasado;;
5657;24301503-0;"Natalia Espinoza Ortiz";2026;9;2026-09-05;35000;0;35000;pagado;2026-09-02;tarjeta_credito
5658;24301503-0;"Natalia Espinoza Ortiz";2026;10;2026-10-05;35000;0;35000;atrasado;;
5659;24301503-0;"Natalia Espinoza Ortiz";2026;11;2026-11-05;35000;0;35000;pagado;2026-11-04;efectivo
5660;24301503-0;"Natalia Espinoza Ortiz";2026;12;2026-12-05;35000;0;35000;atrasado;;
5673;11750440-9;"Helena Henriquez Nuñez";2026;1;2026-01-05;35000;0;35000;pagado;2026-01-04;transferencia
5674;11750440-9;"Helena Henriquez Nuñez";2026;2;2026-02-05;35000;0;35000;atrasado;;
5675;11750440-9;"Helena Henriquez Nuñez";2026;3;2026-03-05;35000;0;35000;pagado;2026-03-01;tarjeta_credito
5676;11750440-9;"Helena Henriquez Nuñez";2026;4;2026-04-05;35000;0;35000;atrasado;;
5677;11750440-9;"Helena Henriquez Nuñez";2026;5;2026-05-05;35000;0;35000;pagado;2026-05-03;efectivo
5678;11750440-9;"Helena Henriquez Nuñez";2026;6;2026-06-05;35000;0;35000;atrasado;;
5679;11750440-9;"Helena Henriquez Nuñez";2026;7;2026-07-05;35000;0;35000;pagado;2026-07-01;transferencia
5680;11750440-9;"Helena Henriquez Nuñez";2026;8;2026-08-05;35000;0;35000;atrasado;;
5681;11750440-9;"Helena Henriquez Nuñez";2026;9;2026-09-05;35000;0;35000;pagado;2026-09-04;tarjeta_credito
5682;11750440-9;"Helena Henriquez Nuñez";2026;10;2026-10-05;35000;0;35000;atrasado;;
5683;11750440-9;"Helena Henriquez Nuñez";2026;11;2026-11-05;35000;0;35000;pagado;2026-11-05;efectivo
5684;11750440-9;"Helena Henriquez Nuñez";2026;12;2026-12-05;35000;0;35000;atrasado;;
5709;18512802-4;"Helena Lagos Nuñez";2026;1;2026-01-05;35000;0;35000;atrasado;;
5710;18512802-4;"Helena Lagos Nuñez";2026;2;2026-02-05;35000;0;35000;pagado;2026-02-05;transferencia
5711;18512802-4;"Helena Lagos Nuñez";2026;3;2026-03-05;35000;0;35000;atrasado;;
5712;18512802-4;"Helena Lagos Nuñez";2026;4;2026-04-05;35000;0;35000;pagado;2026-04-02;tarjeta_credito
5713;18512802-4;"Helena Lagos Nuñez";2026;5;2026-05-05;35000;0;35000;atrasado;;
5714;18512802-4;"Helena Lagos Nuñez";2026;6;2026-06-05;35000;0;35000;pagado;2026-06-01;efectivo
5715;18512802-4;"Helena Lagos Nuñez";2026;7;2026-07-05;35000;0;35000;atrasado;;
5716;18512802-4;"Helena Lagos Nuñez";2026;8;2026-08-05;35000;0;35000;pagado;2026-08-03;transferencia
5717;18512802-4;"Helena Lagos Nuñez";2026;9;2026-09-05;35000;0;35000;atrasado;;
5718;18512802-4;"Helena Lagos Nuñez";2026;10;2026-10-05;35000;0;35000;pagado;2026-10-04;tarjeta_credito
5719;18512802-4;"Helena Lagos Nuñez";2026;11;2026-11-05;35000;0;35000;atrasado;;
5720;18512802-4;"Helena Lagos Nuñez";2026;12;2026-12-05;35000;0;35000;pagado;2026-12-02;efectivo
5745;23115895-2;"Claudio Mendez Nuñez";2026;1;2026-01-05;35000;0;35000;pagado;2026-01-01;transferencia
5746;23115895-2;"Claudio Mendez Nuñez";2026;2;2026-02-05;35000;0;35000;atrasado;;
5747;23115895-2;"Claudio Mendez Nuñez";2026;3;2026-03-05;35000;0;35000;pagado;2026-03-03;tarjeta_credito
5748;23115895-2;"Claudio Mendez Nuñez";2026;4;2026-04-05;35000;0;35000;atrasado;;
5749;23115895-2;"Claudio Mendez Nuñez";2026;5;2026-05-05;35000;0;35000;pagado;2026-05-05;efectivo
5750;23115895-2;"Claudio Mendez Nuñez";2026;6;2026-06-05;35000;0;35000;atrasado;;
5751;23115895-2;"Claudio Mendez Nuñez";2026;7;2026-07-05;35000;0;35000;pagado;2026-07-01;transferencia
5752;23115895-2;"Claudio Mendez Nuñez";2026;8;2026-08-05;35000;0;35000;atrasado;;
5753;23115895-2;"Claudio Mendez Nuñez";2026;9;2026-09-05;35000;0;35000;pagado;2026-09-02;tarjeta_credito
5754;23115895-2;"Claudio Mendez Nuñez";2026;10;2026-10-05;35000;0;35000;atrasado;;
5755;23115895-2;"Diego Gonzalez";2026;11;2026-11-05;35000;0;35000;pagado;2026-11-04;efectivo
5756;23115895-2;"Claudio Mendez Nuñez";2026;12;2026-12-05;35000;0;35000;atrasado;;
