codigo_reserva;fecha_reserva;fecha_inicio;fecha_fin;estado_reserva;run_reservante;nombre_reservante;es_socio;lugar_nombre;sucursal_nombre;monto_total;monto_pagado;medio_pago;fecha_pago;errores
;04-06-25;15//25;09-06-25;cancelada;12809545-4;"Juan Perez";NO;"Caba–a 4";"Santiago Centro";600000;0;;31-05-25;"fecha_inicio es obligatoria y viene nula o invalida."
;10-01-25;10-01-25;19-01-25;reservada;23311403-0;Ana;NO;"Caba–a 9";Providencia;1080000;0;;05-01-25;"nombre_reservante no esta en formato nombre-apellido."
;19-06-25;"19-06-25 19:00";"19-06-25 20:00";cancelada;18053720-9;"Ana Silva";SI;"Cancha Basquetbol Aire Libre";"Santa Cruz";25000;0;;16-06-25;"run_reservante no es valido"
;11-12-25;"11-12-25 22:00";"11-12-25 23:00";ejecutada;19104958-6;Pedro;NO;"Cancha Basquetbol Aire Libre";"Santa Cruz";25000;25000;tarjeta;09-12-25;"nombre_reservante no esta en formato nombre-apellido."
;02-02-25;"02-02-25 17:00";"02-02-25 18:00";reservada;22156789-7;Luis;NO;"Restaurant 1";Providencia;30000;0;;29-01-25;"nombre_reservante no esta en formato nombre-apellido."
;04-07-25;04-07-25;"04-07-25 23:00";reservada;9680719-0;"Ana Silva";SI;"Salon Eventos 2";"Santiago Centro";100000;0;;02-07-25;"run_reservante no es valido"
;13-12-25;13-12-25;"13-12-25 22:00";reservada;9487250-7;"Ana Silva";NO;"Piscina 1";Providencia;20000;0;;11-12-25;"run_reservante no es valido"
;15//25;15-05-25;19-05-25;reservada;9381544-0;"Pedro Rojas";NO;"Caba–a 11";"La Florida";480000;0;;14-05-25;"fecha_reserva es obligatoria y viene nula o invalida."
;01-04-25;"01-04-25 09:00";"01-04-25 10:00";cancelada;13547030-0;"Ana Silva";SI;"Salon Eventos 2";"La Florida";100000;0;;30-03-25;"run_reservante no es valido"
;08-07-25;08-07-25;"08-07-25 14:00";cancelada;23046980-0;"Luis Contreras";SI;"Cancha Tenis Aire Libre";Providencia;25000;0;;04-07-25;"run_reservante no es valido"
;02-10-25;02-10-25;/05/25;cancelada;6642396-4;"Maria Gonzalez";SI;"Caba–a 2";"Santiago Centro";840000;0;;29-09-25;"fecha_fin es obligatoria y viene nula o invalida."
;31/02/25;02-03-25;08-03-25;cancelada;16825005-5;"Ana Silva";NO;"Caba–a 3";"Santiago Centro";720000;0;;01-03-25;"fecha_reserva es obligatoria y viene nula o invalida. | run_reservante no es valido"
;15-07-25;15-07-25;25-07-25;ejecutada;14756759-6;Juan;SI;"Caba–a 3";"Santa Cruz";1200000;1200000;transferencia;13-07-25;"nombre_reservante no esta en formato nombre-apellido."
;18-04-25;"18-04-25 12:00";"18-04-25 13:00";ejecutada;20914133-9;"Juan Perez";NO;"Salon Eventos 1";"Santiago Centro";100000;100000;transferencia;16-04-25;"run_reservante no es valido"
;20-01-25;20-01-25;29-01-25;ejecutada;10578107-5;Luis;SI;"Caba–a 1";"Santa Cruz";1080000;1080000;tarjeta;20-01-25;"nombre_reservante no esta en formato nombre-apellido."
;08-02-25;08-02-25;18-02-25;reservada;22852757-9;"Ana Silva";NO;"Caba–a 2";"Santa Cruz";1200000;0;;06-02-25;"run_reservante no es valido"
;06-12-25;abc/12/25;09-12-25;ejecutada;24002475-6;"Luis Contreras";NO;"Caba–a 20";"Santiago Centro";360000;360000;transferencia;03-12-25;"fecha_inicio es obligatoria y viene nula o invalida."
;07-11-25;07-11-25;15-11-25;ejecutada;13702711-9;Luis;NO;"Caba–a 6";"Santiago Centro";960000;960000;efectivo;07-11-25;"nombre_reservante no esta en formato nombre-apellido."
;14-01-25;14-01-25;15//25;reservada;19937737-8;"Luis Contreras";NO;"Caba–a 2";"Santa Cruz";1200000;0;;14-01-25;"fecha_fin es obligatoria y viene nula o invalida. | run_reservante no es valido"
;11-03-25;11-03-25;19-03-25;cancelada;20394775-3;"Pedro Rojas";SI;"Caba–a 14";"Santa Cruz";960000;0;;10-03-25;"run_reservante no es valido"
;abc/12/25;09-02-25;16-02-25;reservada;17786278-9;"Juan Perez";SI;"Caba–a 3 X";"Santa Cruz";840000;0;;09-02-25;"fecha_reserva es obligatoria y viene nula o invalida."
;02-03-25;02-03-25;11-03-25;cancelada;20128868-5;"Ana Silva";SI;"Caba–a 12";"La Florida";1080000;0;;01-03-25;"run_reservante no es valido"
;abc/12/25;17-02-25;19-02-25;reservada;17911506-9;"Pedro Rojas";SI;"Caba–a 14";Providencia;240000;0;;16-02-25;"fecha_reserva es obligatoria y viene nula o invalida."
;07-08-25;"07-08-25 13:00";"07-08-25 14:00";cancelada;10289799-2;"Maria Gonzalez";NO;"Piscina 1";"Santa Cruz";20000;0;;04-08-25;"run_reservante no es valido"
;11-07-25;abc/12/25;18-07-25;ejecutada;19195488-2;"Pedro Rojas";NO;"Caba–a 18";"La Florida";840000;840000;tarjeta;10-07-25;"fecha_inicio es obligatoria y viene nula o invalida."
;10-10-25;10-10-25;17-10-25;reservada;16054257-8;Luis;SI;"Caba–a 3";"Santiago Centro";840000;0;;08-10-25;"nombre_reservante no esta en formato nombre-apellido."
;09-01-25;/05/25;19-01-25;cancelada;7479790-3;"Luis Contreras";SI;"Caba–a 15";"Santa Cruz";1200000;0;;04-01-25;"fecha_inicio es obligatoria y viene nula o invalida."
;13-02-25;13-02-25;18-02-25;ejecutada;21912374-4;Pedro;SI;"Caba–a 6";"La Florida";600000;600000;transferencia;09-02-25;"nombre_reservante no esta en formato nombre-apellido."
;09-07-25;09-07-25;17-07-25;cancelada;13604604-5;"Juan Perez";SI;"Caba–a 14";"La Florida";960000;0;;07-07-25;"run_reservante no es valido"
;15-02-25;15-02-25;17-02-25;cancelada;7997541-5;"Ana Silva";NO;"Caba–a 1";"Santa Cruz";240000;0;;12-02-25;"run_reservante no es valido"
;06-11-25;06-11-25;13-11-25;reservada;24765561-7;"Juan Perez";NO;"Caba–a 2";"Santa Cruz";840000;0;;06-11-25;"run_reservante no es valido"
;02-06-25;"02-06-25 08:00";"02-06-25 09:00";cancelada;13014055-0;"Maria Gonzalez";NO;"Cancha Basquetbol Aire Libre";"Santa Cruz";25000;0;;01-06-25;"run_reservante no es valido"
;18-06-25;18-06-25;28-06-25;ejecutada;14504614-9;Juan;SI;"Caba–a 8";"La Florida";1200000;1200000;transferencia;14-06-25;"nombre_reservante no esta en formato nombre-apellido."
;09-02-25;09-02-25;17-02-25;reservada;20284960-5;"Juan Perez";SI;"Caba–a 6";"La Florida";960000;0;;08-02-25;"run_reservante no es valido"
;17-08-25;31/02/25;24-08-25;cancelada;12313678-5;"Juan Perez";SI;"Caba–a 13";Providencia;840000;0;;13-08-25;"fecha_inicio es obligatoria y viene nula o invalida. | run_reservante no es valido"
;15//25;20-05-25;28-05-25;cancelada;18876546-7;"Juan Perez";SI;"Caba–a 2";"Santa Cruz";960000;0;;18-05-25;"fecha_reserva es obligatoria y viene nula o invalida."
;05-09-25;05-09-25;11-09-25;reservada;16741872-8;"Maria Gonzalez";NO;"Caba–a 20";"Santiago Centro";720000;0;;05-09-25;"run_reservante no es valido"
;15-02-25;15-02-25;"15-02-25 22:00";reservada;6365576-1;"Juan Perez";NO;"Cancha Basquetbol Techada";"Santa Cruz";35000;0;;11-02-25;"run_reservante no es valido"
;11-08-25;11-08-25;/05/25;cancelada;20394775-1;"Pedro Rojas";SI;"Caba–a 4";"Santiago Centro";840000;0;;07-08-25;"fecha_fin es obligatoria y viene nula o invalida. | run_reservante no es valido"
;14-06-25;14-06-25;20-06-25;cancelada;11627877-8;"Pedro Rojas";NO;"Caba–a 4";"La Florida";720000;0;;13-06-25;"run_reservante no es valido"
;15-02-25;15-02-25;"15-02-25 14:00";ejecutada;18467664-2;"Pedro Rojas";SI;"Restaurant 1";"Santiago Centro";30000;30000;tarjeta;14-02-25;"run_reservante no es valido"
;20-02-25;abc/12/25;27-02-25;cancelada;15878471-8;"Maria Gonzalez";NO;"Caba–a 3";"Santa Cruz";840000;0;;16-02-25;"fecha_inicio es obligatoria y viene nula o invalida."
;03-10-25;03-10-25;06-10-25;reservada;21156024-6;"Maria Gonzalez";NO;"Caba–a 17";"Santa Cruz";360000;0;;02-10-25;"run_reservante no es valido"
;19-10-25;19-10-25;10/10/;cancelada;7613535-5;"Ana Silva";SI;"Caba–a 19 X";"La Florida";960000;0;;16-10-25;"fecha_fin es obligatoria y viene nula o invalida."
;08-04-25;"08-04-25 19:00";"08-04-25 20:00";reservada;22367120-9;Pedro;NO;"Cancha Basquetbol Techada";Providencia;35000;0;;03-04-25;"nombre_reservante no esta en formato nombre-apellido."
;10/10/;13-03-25;19-03-25;cancelada;17623443-1;"Maria Gonzalez";NO;"Caba–a 14 X";"La Florida";720000;0;;09-03-25;"fecha_reserva es obligatoria y viene nula o invalida."
;01-07-25;"01-07-25 20:00";"01-07-25 21:00";ejecutada;21162735-2;Juan;NO;"Cancha Padel Aire Libre";"La Florida";25000;25000;efectivo;30-06-25;"nombre_reservante no esta en formato nombre-apellido."
;15//25;04-07-25;07-07-25;ejecutada;19727843-0;"Luis Contreras";NO;"Caba–a 14";"Santa Cruz";360000;360000;tarjeta;02-07-25;"fecha_reserva es obligatoria y viene nula o invalida. | run_reservante no es valido"
;17-10-25;"17-10-25 14:00";"17-10-25 15:00";ejecutada;11086191-7;"Ana Silva";SI;"Cancha Tenis Aire Libre";"Santa Cruz";25000;25000;transferencia;12-10-25;"run_reservante no es valido"
;01-04-25;01-04-25;10/10/;reservada;21773123-5;"Luis Contreras";NO;"Caba–a 15";Providencia;720000;0;;30-03-25;"fecha_fin es obligatoria y viene nula o invalida. | run_reservante no es valido"
;10-11-25;10-11-25;16-11-25;cancelada;16848416-5;"Ana Silva";NO;"Caba–a 5";Providencia;720000;0;;09-11-25;"run_reservante no es valido"
;10/10/;06-03-25;10-03-25;reservada;9487250-2;"Ana Silva";SI;"Caba–a 20 X";"Santiago Centro";480000;0;;05-03-25;"fecha_reserva es obligatoria y viene nula o invalida."
;03-02-25;15//25;04-02-25;reservada;23503123-K;"Ana Silva";SI;"Caba–a 11 X";"La Florida";120000;0;;30-01-25;"fecha_inicio es obligatoria y viene nula o invalida."
;15//25;13-04-25;16-04-25;reservada;24132013-8;"Pedro Rojas";SI;"Caba–a 5";"La Florida";360000;0;;13-04-25;"fecha_reserva es obligatoria y viene nula o invalida."
;01-12-25;01-12-25;06-12-25;cancelada;10615277-2;Juan;SI;"Caba–a 8";"La Florida";600000;0;;27-11-25;"nombre_reservante no esta en formato nombre-apellido."
;05-03-25;10/10/;14-03-25;cancelada;16887747-1;"Luis Contreras";SI;"Caba–a 16 X";Providencia;1080000;0;;03-03-25;"fecha_inicio es obligatoria y viene nula o invalida."
;02-12-25;15//25;10-12-25;reservada;7415624-0;"Juan Perez";NO;"Caba–a 7";"La Florida";960000;0;;28-11-25;"fecha_inicio es obligatoria y viene nula o invalida. | run_reservante no es valido"
;11-02-25;"11-02-25 21:00";"11-02-25 22:00";reservada;15088563-9;Pedro;NO;"Piscina 1";Providencia;20000;0;;11-02-25;"nombre_reservante no esta en formato nombre-apellido."
;04-07-25;04-07-25;abc/12/25;reservada;16214968-7;"Luis Contreras";NO;"Caba–a 5";"Santa Cruz";720000;0;;04-07-25;"fecha_fin es obligatoria y viene nula o invalida."
;12-08-25;"12-08-25 17:00";"12-08-25 18:00";reservada;17213598-6;Pedro;SI;"Cancha Padel Techada";"Santiago Centro";35000;0;;10-08-25;"nombre_reservante no esta en formato nombre-apellido."
;02-07-25;02-07-25;08-07-25;ejecutada;10427547-2;"Ana Silva";NO;"Caba–a 1";Providencia;720000;720000;transferencia;01-07-25;"run_reservante no es valido"
;03-06-25;10/10/;08-06-25;reservada;16741872-4;"Maria Gonzalez";SI;"Caba–a 4";"Santa Cruz";600000;0;;30-05-25;"fecha_inicio es obligatoria y viene nula o invalida."
;02-08-25;02-08-25;"02-08-25 09:00";ejecutada;13914038-8;"Luis Contreras";SI;"Cancha Basquetbol Aire Libre";"Santiago Centro";25000;25000;transferencia;29-07-25;"run_reservante no es valido"
;02-01-25;31/02/25;03-01-25;cancelada;9179703-8;"Maria Gonzalez";NO;"Caba–a 7 X";"La Florida";120000;0;;28-12-24;"fecha_inicio es obligatoria y viene nula o invalida."
;09-10-25;09-10-25;11-10-25;reservada;12592948-6;Ana;NO;"Caba–a 19";"Santiago Centro";240000;0;;08-10-25;"nombre_reservante no esta en formato nombre-apellido."
;02-06-26;"04-06-26 22:00";"11-06-26 22:00";reservada;9122138-7;"Juan Perez";SI;"Caba–a 20";"La Florida";840000;0;;14-08-25;"run_reservante no es valido"
;10/10/;10-05-25;15-05-25;ejecutada;11263892-9;"Luis Contreras";NO;"Caba–a 19";Providencia;600000;600000;efectivo;06-05-25;"fecha_reserva es obligatoria y viene nula o invalida. | run_reservante no es valido"
;02-02-25;/05/25;07-02-25;ejecutada;6442121-2;"Pedro Rojas";NO;"Caba–a 20 X";"La Florida";600000;600000;efectivo;02-02-25;"fecha_inicio es obligatoria y viene nula o invalida."
;09-03-25;"09-03-25 09:00";"09-03-25 10:00";cancelada;13554594-2;"Pedro Rojas";NO;"Cancha Basquetbol Aire Libre";Providencia;25000;0;;08-03-25;"run_reservante no es valido"
;06-06-25;10/10/;12-06-25;reservada;24795565-5;"Luis Contreras";SI;"Caba–a 10";"La Florida";720000;0;;02-06-25;"fecha_inicio es obligatoria y viene nula o invalida. | run_reservante no es valido"
;03-06-25;/05/25;13-06-25;cancelada;15348004-4;"Ana Silva";NO;"Caba–a 16 X";Providencia;1200000;0;;30-05-25;"fecha_inicio es obligatoria y viene nula o invalida."
;18-03-25;18-03-25;27-03-25;reservada;18568061-9;"Ana Silva";NO;"Caba–a 2";"Santa Cruz";1080000;0;;13-03-25;"run_reservante no es valido"
;10/10/;05-10-25;13-10-25;ejecutada;18154120-2;"Maria Gonzalez";NO;"Caba–a 3 X";"La Florida";960000;960000;efectivo;02-10-25;"fecha_reserva es obligatoria y viene nula o invalida."
;19-04-25;"19-04-25 21:00";"19-04-25 22:00";cancelada;16170965-4;Luis;SI;"Piscina 2";Providencia;20000;0;;15-04-25;"nombre_reservante no esta en formato nombre-apellido."
;19-12-25;19-12-25;23-12-25;ejecutada;20928234-8;Pedro;SI;"Caba–a 2";"La Florida";480000;480000;efectivo;18-12-25;"nombre_reservante no esta en formato nombre-apellido."
;03-05-25;03-05-25;abc/12/25;cancelada;20672079-4;"Juan Perez";NO;"Caba–a 20";Providencia;600000;0;;03-05-25;"fecha_fin es obligatoria y viene nula o invalida."
;07-04-25;07-04-25;31/02/25;cancelada;17133976-6;"Juan Perez";SI;"Caba–a 6";"Santa Cruz";840000;0;;05-04-25;"fecha_fin es obligatoria y viene nula o invalida."
;10-02-25;10-02-25;10/10/;cancelada;19048151-4;"Ana Silva";NO;"Caba–a 11 X";Providencia;840000;0;;10-02-25;"fecha_fin es obligatoria y viene nula o invalida."
;02-08-25;02-08-25;"02-08-25 20:00";ejecutada;20394775-0;"Pedro Rojas";SI;"Salon Eventos 3";"Santiago Centro";100000;100000;tarjeta;01-08-25;"run_reservante no es valido"
;15//25;14-11-25;20-11-25;reservada;21162735-9;"Juan Perez";SI;"Caba–a 15";"La Florida";720000;0;;13-11-25;"fecha_reserva es obligatoria y viene nula o invalida. | run_reservante no es valido"
;06-04-25;06-04-25;31/02/25;ejecutada;9108775-8;"Ana Silva";SI;"Caba–a 8 X";"Santiago Centro";720000;720000;transferencia;04-04-25;"fecha_fin es obligatoria y viene nula o invalida."
;17-03-25;17-03-25;25-03-25;reservada;17931290-9;"Juan Perez";NO;"Caba–a 18";"La Florida";960000;0;;13-03-25;"run_reservante no es valido"
;abc/12/25;06-02-25;15-02-25;ejecutada;24002213-3;"Juan Perez";SI;"Caba–a 16";"Santiago Centro";1080000;1080000;efectivo;02-02-25;"fecha_reserva es obligatoria y viene nula o invalida."
;19-08-25;abc/12/25;27-08-25;reservada;11483413-0;"Ana Silva";NO;"Caba–a 9 X";"Santiago Centro";960000;0;;16-08-25;"fecha_inicio es obligatoria y viene nula o invalida."
;14-05-25;14-05-25;20-05-25;cancelada;5779517-4;Luis;NO;"Caba–a 4";Providencia;720000;0;;12-05-25;"nombre_reservante no esta en formato nombre-apellido."
;15//25;04-07-25;11-07-25;reservada;15838325-K;"Maria Gonzalez";SI;"Caba–a 2 X";"La Florida";840000;0;;02-07-25;"fecha_reserva es obligatoria y viene nula o invalida."
;18-03-25;"18-03-25 11:00";"18-03-25 12:00";cancelada;16848416-1;"Ana Silva";NO;"Salon Eventos 1";"Santa Cruz";100000;0;;13-03-25;"run_reservante no es valido"
;14-05-25;abc/12/25;23-05-25;ejecutada;22966221-K;"Maria Gonzalez";SI;"Caba–a 17";"Santa Cruz";1080000;1080000;efectivo;12-05-25;"fecha_inicio es obligatoria y viene nula o invalida."
;20-02-25;20-02-25;23-02-25;reservada;24740663-8;Luis;NO;"Caba–a 17";Providencia;360000;0;;17-02-25;"nombre_reservante no esta en formato nombre-apellido."
;11-10-25;11-10-25;19-10-25;reservada;14756759-3;"Juan Perez";SI;"Caba–a 13";"La Florida";960000;0;;08-10-25;"run_reservante no es valido"
;22-06-26;"24-06-26 12:00";"28-06-26 12:00";reservada;11121655-K;Juan;NO;"Caba–a 4";"La Florida";480000;0;;07-11-25;"nombre_reservante no esta en formato nombre-apellido."
;12-02-25;31/02/25;15-02-25;reservada;6946141-0;"Ana Silva";SI;"Caba–a 18";"Santa Cruz";360000;0;;08-02-25;"fecha_inicio es obligatoria y viene nula o invalida. | run_reservante no es valido"
;12-01-25;/05/25;18-01-25;cancelada;12192627-4;"Pedro Rojas";NO;"Caba–a 7";Providencia;720000;0;;10-01-25;"fecha_inicio es obligatoria y viene nula o invalida. | run_reservante no es valido"
;10-12-25;"10-12-25 20:00";"10-12-25 21:00";ejecutada;7686256-8;"Luis Contreras";NO;"Cancha Tenis Techada";"Santiago Centro";35000;35000;transferencia;10-12-25;"run_reservante no es valido"
;15-01-25;15-01-25;31/02/25;reservada;20727566-2;"Juan Perez";SI;"Caba–a 15 X";"Santiago Centro";1200000;0;;13-01-25;"fecha_fin es obligatoria y viene nula o invalida."
;08-10-25;08-10-25;11-10-25;reservada;10837704-0;"Pedro Rojas";SI;"Caba–a 16";Providencia;360000;0;;07-10-25;"run_reservante no es valido"
;31/02/25;05-11-25;14-11-25;cancelada;17820790-3;"Juan Perez";SI;"Caba–a 15";"Santiago Centro";1080000;0;;04-11-25;"fecha_reserva es obligatoria y viene nula o invalida."
;31/02/25;08-07-25;09-07-25;reservada;20727566-2;"Juan Perez";NO;"Caba–a 1";"La Florida";120000;0;;08-07-25;"fecha_reserva es obligatoria y viene nula o invalida."
;01-04-25;01-04-25;06-04-25;ejecutada;23503123-8;"Ana Silva";NO;"Caba–a 5";"Santiago Centro";600000;600000;transferencia;28-03-25;"run_reservante no es valido"
;30-06-26;"02-07-26 18:30";"09-07-26 18:30";reservada;16170965-4;"Luis Contreras";NO;"Caba–a 14";"La Florida";840000;840000;;10-08-25;"Hay monto_pagado mayor que 0, pero medio_pago viene nulo."
;09-04-25;09-04-25;"09-04-25 09:00";cancelada;17366619-0;"Pedro Rojas";SI;"Salon Eventos 3";Providencia;100000;0;;04-04-25;"run_reservante no es valido"
;01-02-25;"01-02-25 13:00";"01-02-25 14:00";cancelada;17877832-5;"Pedro Rojas";NO;"Cancha Padel Techada";"La Florida";35000;0;;30-01-25;"run_reservante no es valido"
;20-10-25;20-10-25;"20-10-25 17:00";reservada;11711378-2;"Maria Gonzalez";SI;"Cancha Padel Techada";"Santiago Centro";35000;0;;18-10-25;"run_reservante no es valido"
;13-01-25;"13-01-25 10:00";"13-01-25 11:00";reservada;9486514-0;"Luis Contreras";NO;"Salon Eventos 3";"Santiago Centro";100000;0;;11-01-25;"run_reservante no es valido"
;19-11-25;"19-11-25 12:00";"19-11-25 13:00";reservada;23684083-7;"Pedro Rojas";SI;"Cancha Padel Techada";"Santiago Centro";35000;0;;16-11-25;"run_reservante no es valido"
;08-08-25;08-08-25;10-08-25;ejecutada;10120385-9;Maria;SI;"Caba–a 19";"Santa Cruz";240000;240000;transferencia;07-08-25;"nombre_reservante no esta en formato nombre-apellido."
;17-08-25;"17-08-25 19:00";"17-08-25 20:00";cancelada;19208091-6;Maria;NO;"Salon Eventos 1";"Santiago Centro";100000;0;;13-08-25;"nombre_reservante no esta en formato nombre-apellido."
;12-09-25;12-09-25;/05/25;reservada;16253483-1;"Maria Gonzalez";NO;"Caba–a 4";"La Florida";480000;0;;12-09-25;"fecha_fin es obligatoria y viene nula o invalida."
;09-02-25;"09-02-25 21:00";"09-02-25 22:00";cancelada;13233936-1;"Maria Gonzalez";SI;"Salon Eventos 4";Providencia;100000;0;;08-02-25;"run_reservante no es valido"
;10-02-25;31/02/25;15-02-25;ejecutada;12922397-9;"Maria Gonzalez";SI;"Caba–a 10";"Santiago Centro";600000;600000;tarjeta;09-02-25;"fecha_inicio es obligatoria y viene nula o invalida."
;18-11-25;18-11-25;27-11-25;cancelada;16408231-8;Juan;SI;"Caba–a 4";Providencia;1080000;0;;13-11-25;"nombre_reservante no esta en formato nombre-apellido."
;15//25;07-01-25;08-01-25;ejecutada;18329134-3;"Pedro Rojas";NO;"Caba–a 7";"Santiago Centro";120000;120000;tarjeta;03-01-25;"fecha_reserva es obligatoria y viene nula o invalida."
;08-08-25;abc/12/25;15-08-25;ejecutada;10701066-6;"Maria Gonzalez";SI;"Caba–a 9";"Santa Cruz";840000;840000;efectivo;06-08-25;"fecha_inicio es obligatoria y viene nula o invalida. | run_reservante no es valido"
;11-09-25;/05/25;15-09-25;reservada;23498184-2;"Juan Perez";NO;"Caba–a 4";"Santiago Centro";480000;0;;06-09-25;"fecha_inicio es obligatoria y viene nula o invalida. | run_reservante no es valido"
;14-12-25;10/10/;23-12-25;cancelada;10119752-4;"Juan Perez";NO;"Caba–a 12";"La Florida";1080000;0;;11-12-25;"fecha_inicio es obligatoria y viene nula o invalida. | run_reservante no es valido"
;15//25;02-12-25;07-12-25;cancelada;5645014-9;"Pedro Rojas";SI;"Caba–a 1 X";"La Florida";600000;0;;27-11-25;"fecha_reserva es obligatoria y viene nula o invalida."
;14-04-25;14-04-25;10/10/;reservada;15600733-8;"Luis Contreras";NO;"Caba–a 12";"Santa Cruz";960000;0;;14-04-25;"fecha_fin es obligatoria y viene nula o invalida. | run_reservante no es valido"
;02-03-25;02-03-25;10/10/;reservada;17470694-8;"Pedro Rojas";NO;"Caba–a 3";"La Florida";720000;0;;25-02-25;"fecha_fin es obligatoria y viene nula o invalida."
;abc/12/25;17-07-25;20-07-25;ejecutada;23835968-7;"Juan Perez";NO;"Caba–a 7";"Santiago Centro";360000;360000;tarjeta;14-07-25;"fecha_reserva es obligatoria y viene nula o invalida. | run_reservante no es valido"
;13-01-25;15//25;22-01-25;reservada;23939713-7;"Pedro Rojas";NO;"Caba–a 8";Providencia;1080000;0;;13-01-25;"fecha_inicio es obligatoria y viene nula o invalida. | run_reservante no es valido"
;08-02-25;08-02-25;12-02-25;reservada;10776000-3;"Luis Contreras";SI;"Caba–a 17";"Santiago Centro";480000;0;;08-02-25;"run_reservante no es valido"
;02-08-25;15//25;08-08-25;ejecutada;18647741-3;"Ana Silva";NO;"Caba–a 19 X";Providencia;720000;720000;transferencia;02-08-25;"fecha_inicio es obligatoria y viene nula o invalida."
;/05/25;12-12-25;13-12-25;reservada;16107528-0;"Juan Perez";SI;"Caba–a 17";"Santiago Centro";120000;0;;08-12-25;"fecha_reserva es obligatoria y viene nula o invalida."
;15-09-25;15-09-25;16-09-25;reservada;21156024-5;"Maria Gonzalez";SI;"Caba–a 2";Providencia;120000;0;;15-09-25;"run_reservante no es valido"
;31/02/25;04-04-25;14-04-25;cancelada;14394380-1;"Pedro Rojas";SI;"Caba–a 19 X";"La Florida";1200000;0;;04-04-25;"fecha_reserva es obligatoria y viene nula o invalida."
;09-09-25;09-09-25;19-09-25;reservada;13203913-5;Maria;SI;"Caba–a 1";"Santiago Centro";1200000;0;;06-09-25;"nombre_reservante no esta en formato nombre-apellido."
;02-02-25;abc/12/25;08-02-25;ejecutada;13006208-3;"Luis Contreras";SI;"Caba–a 8 X";"La Florida";720000;720000;efectivo;30-01-25;"fecha_inicio es obligatoria y viene nula o invalida."
;04-12-25;04-12-25;11-12-25;reservada;15838325-K;Maria;SI;"Caba–a 3";"La Florida";840000;0;;04-12-25;"nombre_reservante no esta en formato nombre-apellido."
;13-07-25;"13-07-25 20:00";"13-07-25 21:00";ejecutada;16887747-1;Luis;SI;"Cancha Padel Aire Libre";"La Florida";25000;25000;transferencia;12-07-25;"nombre_reservante no esta en formato nombre-apellido."
;10/10/;10-02-25;16-02-25;ejecutada;9183641-6;"Maria Gonzalez";NO;"Caba–a 1 X";"Santiago Centro";720000;720000;tarjeta;07-02-25;"fecha_reserva es obligatoria y viene nula o invalida."
;17-09-25;"17-09-25 16:00";"17-09-25 17:00";cancelada;24967582-2;Maria;SI;"Cancha Padel Techada";"Santa Cruz";35000;0;;15-09-25;"nombre_reservante no esta en formato nombre-apellido."
;10/10/;07-12-25;10-12-25;reservada;11738535-3;"Maria Gonzalez";SI;"Caba–a 6";"Santiago Centro";360000;0;;04-12-25;"fecha_reserva es obligatoria y viene nula o invalida."
;20-01-25;20-01-25;28-01-25;ejecutada;6436217-8;Pedro;SI;"Caba–a 19";"Santa Cruz";960000;960000;tarjeta;17-01-25;"nombre_reservante no esta en formato nombre-apellido."
;01-11-25;31/02/25;11-11-25;ejecutada;15035367-0;"Maria Gonzalez";SI;"Caba–a 19";"Santiago Centro";1200000;1200000;efectivo;28-10-25;"fecha_inicio es obligatoria y viene nula o invalida. | run_reservante no es valido"
;10-07-25;10-07-25;abc/12/25;reservada;16214968-0;"Luis Contreras";NO;"Caba–a 3";"Santa Cruz";840000;0;;07-07-25;"fecha_fin es obligatoria y viene nula o invalida. | run_reservante no es valido"
;12-07-25;12-07-25;"12-07-25 13:00";ejecutada;13897062-4;"Maria Gonzalez";NO;"Cancha Futbolito Techada";Providencia;35000;35000;efectivo;07-07-25;"run_reservante no es valido"
;04-10-25;"04-10-25 20:00";"04-10-25 21:00";ejecutada;6626889-6;Pedro;NO;"Restaurant 2";"La Florida";30000;30000;transferencia;01-10-25;"nombre_reservante no esta en formato nombre-apellido."
;15-09-25;"15-09-25 09:00";"15-09-25 10:00";reservada;14254375-3;Pedro;NO;"Salon Eventos 2";"Santa Cruz";100000;0;;15-09-25;"nombre_reservante no esta en formato nombre-apellido."
;13-03-25;13-03-25;23-03-25;cancelada;21554696-3;"Maria Gonzalez";NO;"Caba–a 14";"Santiago Centro";1200000;0;;08-03-25;"run_reservante no es valido"
;07-08-25;"07-08-25 11:00";"07-08-25 12:00";ejecutada;18605052-5;Ana;SI;"Piscina 2";Providencia;20000;20000;efectivo;02-08-25;"nombre_reservante no esta en formato nombre-apellido."
;02-04-25;"02-04-25 18:00";"02-04-25 19:00";ejecutada;18154120-2;Maria;NO;"Cancha Futbolito Techada";Providencia;35000;35000;efectivo;30-03-25;"nombre_reservante no esta en formato nombre-apellido."
;03-07-25;03-07-25;05-07-25;cancelada;16288155-7;"Ana Silva";NO;"Caba–a 1";"Santa Cruz";240000;0;;02-07-25;"run_reservante no es valido"
;16-11-25;16-11-25;15//25;cancelada;7607462-2;"Pedro Rojas";NO;"Caba–a 20";Providencia;840000;0;;13-11-25;"fecha_fin es obligatoria y viene nula o invalida. | run_reservante no es valido"
;10-05-25;10-05-25;15//25;cancelada;13015768-2;"Pedro Rojas";NO;"Caba–a 3";Providencia;120000;0;;05-05-25;"fecha_fin es obligatoria y viene nula o invalida. | run_reservante no es valido"
;31/02/25;20-07-25;27-07-25;ejecutada;22287381-9;"Ana Silva";NO;"Caba–a 12 X";"La Florida";840000;840000;efectivo;15-07-25;"fecha_reserva es obligatoria y viene nula o invalida."
;05-12-25;05-12-25;10-12-25;cancelada;13014055-6;Maria;SI;"Caba–a 2";"La Florida";600000;0;;02-12-25;"nombre_reservante no esta en formato nombre-apellido."
;06-07-25;15//25;11-07-25;ejecutada;13147810-0;"Pedro Rojas";SI;"Caba–a 18";Providencia;600000;600000;tarjeta;03-07-25;"fecha_inicio es obligatoria y viene nula o invalida."
;13-02-25;"13-02-25 11:00";"13-02-25 12:00";ejecutada;15505875-9;"Pedro Rojas";SI;"Cancha Tenis Aire Libre";"La Florida";25000;25000;transferencia;10-02-25;"run_reservante no es valido"
;abc/12/25;10-09-25;17-09-25;ejecutada;21863652-7;"Luis Contreras";NO;"Caba–a 5 X";"La Florida";840000;840000;tarjeta;09-09-25;"fecha_reserva es obligatoria y viene nula o invalida."
;06-08-25;06-08-25;13-08-25;ejecutada;17553993-5;"Ana Silva";NO;"Caba–a 7";Providencia;840000;840000;efectivo;01-08-25;"run_reservante no es valido"
;01-02-25;abc/12/25;03-02-25;cancelada;22256719-0;"Ana Silva";NO;"Caba–a 19";"La Florida";240000;0;;28-01-25;"fecha_inicio es obligatoria y viene nula o invalida. | run_reservante no es valido"
;16-03-25;16-03-25;23-03-25;reservada;20408365-4;"Maria Gonzalez";SI;"Caba–a 3";"La Florida";840000;0;;13-03-25;"run_reservante no es valido"
;18-07-26;"20-07-26 02:30";"20-07-26 03:30";reservada;22703981-4;"Juan Perez";SI;"Piscina 1";"Santa Cruz";20000;0;;03-11-25;"run_reservante no es valido"
;10-08-25;"10-08-25 19:00";"10-08-25 20:00";reservada;13288053-0;Luis;SI;"Cancha Tenis Techada";"La Florida";35000;0;;08-08-25;"nombre_reservante no esta en formato nombre-apellido."
;/05/25;10-07-25;15-07-25;cancelada;21217431-5;"Juan Perez";SI;"Caba–a 14";"Santiago Centro";600000;0;;06-07-25;"fecha_reserva es obligatoria y viene nula o invalida. | run_reservante no es valido"
;04-11-25;/05/25;06-11-25;ejecutada;18728677-4;"Juan Perez";NO;"Caba–a 20";Providencia;240000;240000;tarjeta;01-11-25;"fecha_inicio es obligatoria y viene nula o invalida. | run_reservante no es valido"
;02-05-25;02-05-25;/05/25;reservada;9203394-6;"Luis Contreras";SI;"Caba–a 18";Providencia;600000;0;;01-05-25;"fecha_fin es obligatoria y viene nula o invalida. | run_reservante no es valido"
;10-06-25;"10-06-25 08:00";"10-06-25 09:00";ejecutada;17502418-2;Luis;NO;"Salon Eventos 2";"Santa Cruz";100000;100000;tarjeta;05-06-25;"nombre_reservante no esta en formato nombre-apellido."
;08-11-25;"08-11-25 22:00";"08-11-25 23:00";cancelada;12892449-3;Pedro;NO;"Restaurant 2";Providencia;30000;0;;04-11-25;"nombre_reservante no esta en formato nombre-apellido."
;01-10-25;"01-10-25 18:00";"01-10-25 19:00";cancelada;10981983-5;"Pedro Rojas";SI;"Cancha Tenis Aire Libre";Providencia;25000;0;;30-09-25;"run_reservante no es valido"
;03-02-25;"03-02-25 15:00";"03-02-25 16:00";cancelada;24471464-0;"Luis Contreras";SI;"Cancha Padel Aire Libre";"La Florida";25000;0;;02-02-25;"run_reservante no es valido"
