sucursal_nombre;direccion_sucursal;comuna_nombre;lugar_nombre;tipo_lugar;capacidad_personas;precio;descuento_socio_evento;tipo_precio;dia_semana;hora_inicio;hora_termino;fecha_inicio_vigencia;fecha_fin_vigencia;errores
"Santiago Centro";"Av Alameda 900";Santiago;mesa1_restaurant1;restaurant;4;;;mesa_hora;sabado;10:00;23:00;10-04-24;24-04-24;"precio es obligatorio y viene nulo."
"Santiago Centro";"Av Alameda 900";Santiago;mesa2_restaurant1;restaurant;4;;;mesa_hora;jueves;10:00;23:00;18-10-24;01-11-24;"precio es obligatorio y viene nulo."
"Santiago Centro";"Av Alameda 900";Santiago;mesa3_restaurant1;restaurant;4;"nueve mil";;mesa_hora;miercoles;10:00;23:00;30-01-25;01-03-25;"precio debe ser un numero."
"Santiago Centro";"Av Alameda 900";Santiago;mesa4_restaurant1;restaurant;4;;;mesa_hora;jueves;10:00;23:00;2024-07;06-08-24;"precio es obligatorio y viene nulo."
"Santiago Centro";"Av Alameda 900";Santiago;mesa5_restaurant1;restaurant;4;;;mesa_hora;martes;10:00;23:00;24-09-24;01-10-24;"precio es obligatorio y viene nulo."
"Santiago Centro";"Av Alameda 900";Santiago;mesa6_restaurant1;restaurant;4;;;mesa_hora;lunes;10:00;23:00;25-04-25;24-07-25;"precio es obligatorio y viene nulo."
"Santiago Centro";"Av Alameda 900";Santiago;mesa7_restaurant1;restaurant;4;;;mesa_hora;viernes;10:00;23:00;12-08-25;26-08-25;"precio es obligatorio y viene nulo."
"Santiago Centro";"Av Alameda 900";Santiago;mesa8_restaurant1;restaurant;4;;;mesa_hora;miercoles;10:00;23:00;05-05-25;19-05-25;"precio es obligatorio y viene nulo."
"Santiago Centro";"Av Alameda 900";Santiago;mesa1_restaurant2;restaurant;4;;;mesa_hora;domingo;10:00;23:00;11-01-24;10-04-24;"precio es obligatorio y viene nulo."
"Santiago Centro";"Av Alameda 900";Santiago;mesa2_restaurant2;restaurant;4;;;mesa_hora;domingo;10:00;23:00;21-06-24;20-08-24;"precio es obligatorio y viene nulo."
"Santiago Centro";"Av Alameda 900";Santiago;mesa3_restaurant2;restaurant;4;;;mesa_hora;domingo;10:00;23:00;20-09-24;19-11-24;"precio es obligatorio y viene nulo."
"Santiago Centro";"Av Alameda 900";Santiago;mesa4_restaurant2;restaurant;4;;;mesa_hora;viernes;10:00;23:00;30-01-24;06-02-24;"precio es obligatorio y viene nulo."
"Santiago Centro";"Av Alameda 900";Santiago;mesa5_restaurant2;restaurant;4;;;mesa_hora;sabado;10:00;23:00;09-06-25;23-06-25;"precio es obligatorio y viene nulo."
"Santiago Centro";"Av Alameda 900";Santiago;mesa6_restaurant2;restaurant;4;;;mesa_hora;domingo;10:00;23:00;25-01-25;25-04-25;"precio es obligatorio y viene nulo."
"Santiago Centro";"Av Alameda 900";Santiago;mesa7_restaurant2;restaurant;4;;;mesa_hora;miercoles;10:00;23:00;30-05-24;28-08-24;"precio es obligatorio y viene nulo."
"Santiago Centro";"Av Alameda 900";Santiago;mesa8_restaurant2;restaurant;4;;;mesa_hora;martes;10:00;23:00;25-08-25;01-09-25;"precio es obligatorio y viene nulo."
"Santiago Centro";"Av Alameda 900";Santiago;Cabana3;cabana;4;"nueve mil";78;dia;jueves;00:00;23:59;2025-10;02-12-25;"precio debe ser un numero."
"Santiago Centro";"Av Alameda 900";Santiago;Cabana19;cabana;7;"nueve mil";21;dia;lunes;00:00;23:59;13-05-25;27-05-25;"precio debe ser un numero."
"Santiago Centro";"Av Alameda 900";Santiago;Cancha_basquetbol_techada;cancha_techada;12;"nueve mil";;hora;lunes;08:00;09:00;2024-04;17-06-24;"precio debe ser un numero."
Providencia;"Av Pedro de Valdivia 2100";Providencia;mesa1_restaurant1;restaurant;4;;;mesa_hora;lunes;10:00;23:00;02-01-25;16-01-25;"precio es obligatorio y viene nulo."
Providencia;"Av Pedro de Valdivia 2100";Providencia;mesa2_restaurant1;restaurant;4;;;mesa_hora;sabado;10:00;23:00;07-07-24;06-08-24;"precio es obligatorio y viene nulo."
Providencia;"Av Pedro de Valdivia 2100";Providencia;mesa3_restaurant1;restaurant;4;;;mesa_hora;miercoles;10:00;23:00;2025-02;17-02-25;"precio es obligatorio y viene nulo."
Providencia;"Av Pedro de Valdivia 2100";Providencia;mesa4_restaurant1;restaurant;4;;;mesa_hora;sabado;10:00;23:00;15-03-25;29-03-25;"precio es obligatorio y viene nulo."
Providencia;"Av Pedro de Valdivia 2100";Providencia;mesa5_restaurant1;restaurant;4;;;mesa_hora;sabado;10:00;23:00;26-10-25;09-11-25;"precio es obligatorio y viene nulo."
Providencia;"Av Pedro de Valdivia 2100";Providencia;mesa6_restaurant1;restaurant;4;;;mesa_hora;martes;10:00;23:00;18-09-24;02-10-24;"precio es obligatorio y viene nulo."
Providencia;"Av Pedro de Valdivia 2100";Providencia;mesa7_restaurant1;restaurant;4;;;mesa_hora;lunes;10:00;23:00;13-02-24;13-05-24;"precio es obligatorio y viene nulo."
Providencia;"Av Pedro de Valdivia 2100";Providencia;mesa8_restaurant1;restaurant;4;;;mesa_hora;martes;10:00;23:00;04-12-24;03-01-25;"precio es obligatorio y viene nulo."
Providencia;"Av Pedro de Valdivia 2100";Providencia;mesa1_restaurant2;restaurant;4;;;mesa_hora;domingo;10:00;23:00;18-04-24;17-07-24;"precio es obligatorio y viene nulo."
Providencia;"Av Pedro de Valdivia 2100";Providencia;mesa2_restaurant2;restaurant;4;;;mesa_hora;lunes;10:00;23:00;30-05-25;06-06-25;"precio es obligatorio y viene nulo."
Providencia;"Av Pedro de Valdivia 2100";Providencia;mesa3_restaurant2;restaurant;4;;;mesa_hora;martes;10:00;23:00;04-10-25;11-10-25;"precio es obligatorio y viene nulo."
Providencia;"Av Pedro de Valdivia 2100";Providencia;mesa4_restaurant2;restaurant;4;;;mesa_hora;sabado;10:00;23:00;30-04-24;29-07-24;"precio es obligatorio y viene nulo."
Providencia;"Av Pedro de Valdivia 2100";Providencia;mesa5_restaurant2;restaurant;4;;;mesa_hora;viernes;10:00;23:00;27-11-25;26-01-26;"precio es obligatorio y viene nulo."
Providencia;"Av Pedro de Valdivia 2100";Providencia;mesa6_restaurant2;restaurant;4;;;mesa_hora;sabado;10:00;23:00;10-10-24;09-12-24;"precio es obligatorio y viene nulo."
Providencia;"Av Pedro de Valdivia 2100";Providencia;mesa7_restaurant2;restaurant;4;;;mesa_hora;martes;10:00;23:00;24-12-24;23-01-25;"precio es obligatorio y viene nulo."
Providencia;"Av Pedro de Valdivia 2100";Providencia;mesa8_restaurant2;restaurant;4;;;mesa_hora;viernes;10:00;23:00;17-06-25;24-06-25;"precio es obligatorio y viene nulo."
Providencia;"Av Pedro de Valdivia 2100";Providencia;linea7_piscina1;piscina;1;"nueve mil";;linea_hora;jueves;20:00;21:00;2025-10;02-01-26;"precio debe ser un numero."
Providencia;"Av Pedro de Valdivia 2100";Providencia;Cabana6;cabana;4;"nueve mil";41;dia;viernes;00:00;23:59;2024-07;26-08-24;"precio debe ser un numero."
Providencia;"Av Pedro de Valdivia 2100";Providencia;Cabana11;cabana;6;"nueve mil";;dia;jueves;00:00;23:59;2025-10;28-10-25;"precio debe ser un numero."
"La Florida";"Av. Vicua Mackenna 10777";"La Florida";mesa1_restaurant1;restaurant;4;;;mesa_hora;sabado;10:00;23:00;25-03-24;01-04-24;"precio es obligatorio y viene nulo."
"La Florida";"Av. Vicua Mackenna 10777";"La Florida";mesa2_restaurant1;restaurant;4;;;mesa_hora;miercoles;10:00;23:00;16-10-25;14-01-26;"precio es obligatorio y viene nulo."
"La Florida";"Av. Vicua Mackenna 10777";"La Florida";mesa3_restaurant1;restaurant;4;;;mesa_hora;viernes;10:00;23:00;14-03-24;21-03-24;"precio es obligatorio y viene nulo."
"La Florida";"Av. Vicua Mackenna 10777";"La Florida";mesa4_restaurant1;restaurant;4;;;mesa_hora;domingo;10:00;23:00;08-06-25;08-07-25;"precio es obligatorio y viene nulo."
"La Florida";"Av. Vicua Mackenna 10777";"La Florida";mesa5_restaurant1;restaurant;4;;;mesa_hora;lunes;10:00;23:00;03-06-24;17-06-24;"precio es obligatorio y viene nulo."
"La Florida";"Av. Vicua Mackenna 10777";"La Florida";mesa6_restaurant1;restaurant;4;;;mesa_hora;sabado;10:00;23:00;18-01-24;01-02-24;"precio es obligatorio y viene nulo."
"La Florida";"Av. Vicua Mackenna 10777";"La Florida";mesa7_restaurant1;restaurant;4;;;mesa_hora;martes;10:00;23:00;01-07-25;29-09-25;"precio es obligatorio y viene nulo."
"La Florida";"Av. Vicua Mackenna 10777";"La Florida";mesa8_restaurant1;restaurant;4;;;mesa_hora;martes;10:00;23:00;04-10-25;03-12-25;"precio es obligatorio y viene nulo."
"La Florida";"Av. Vicua Mackenna 10777";"La Florida";mesa1_restaurant2;restaurant;4;;;mesa_hora;lunes;10:00;23:00;08-01-25;09-03-25;"precio es obligatorio y viene nulo."
"La Florida";"Av. Vicua Mackenna 10777";"La Florida";mesa2_restaurant2;restaurant;4;;;mesa_hora;lunes;10:00;23:00;11-03-25;09-06-25;"precio es obligatorio y viene nulo."
"La Florida";"Av. Vicua Mackenna 10777";"La Florida";mesa3_restaurant2;restaurant;4;;;mesa_hora;sabado;10:00;23:00;11-03-24;18-03-24;"precio es obligatorio y viene nulo."
"La Florida";"Av. Vicua Mackenna 10777";"La Florida";mesa4_restaurant2;restaurant;4;;;mesa_hora;sabado;10:00;23:00;10-03-25;08-06-25;"precio es obligatorio y viene nulo."
"La Florida";"Av. Vicua Mackenna 10777";"La Florida";mesa5_restaurant2;restaurant;4;;;mesa_hora;miercoles;10:00;23:00;10-02-24;10-05-24;"precio es obligatorio y viene nulo."
"La Florida";"Av. Vicua Mackenna 10777";"La Florida";mesa6_restaurant2;restaurant;4;;;mesa_hora;domingo;10:00;23:00;22-10-24;21-12-24;"precio es obligatorio y viene nulo."
"La Florida";"Av. Vicua Mackenna 10777";"La Florida";mesa7_restaurant2;restaurant;4;;;mesa_hora;miercoles;10:00;23:00;21-09-24;21-10-24;"precio es obligatorio y viene nulo."
"La Florida";"Av. Vicua Mackenna 10777";"La Florida";mesa8_restaurant2;restaurant;4;;;mesa_hora;viernes;10:00;23:00;14-10-25;12-01-26;"precio es obligatorio y viene nulo."
"La Florida";"Av. Vicua Mackenna 10777";"La Florida";linea4_piscina2;piscina;1;"nueve mil";;linea_hora;lunes;17:00;18:00;2024-06;23-06-24;"precio debe ser un numero."
"La Florida";"Av. Vicua Mackenna 10777";"La Florida";linea5_piscina2;piscina;1;"nueve mil";27;linea_hora;sabado;12:00;13:00;2025-11;01-02-26;"precio debe ser un numero."
"La Florida";"Av. Vicua Mackenna 10777";"La Florida";SalonEventos3;salon_eventos;181;"nueve mil";34;tramo;sabado;08:00;14:00;2024-03;14-05-24;"precio debe ser un numero."
"La Florida";"Av. Vicua Mackenna 10777";"La Florida";Cabana12;cabana;7;"nueve mil";;dia;martes;00:00;23:59;06-10-25;20-10-25;"precio debe ser un numero."
"Santa Cruz";"Ramon Sanfurgo 800";"Santa Cruz";mesa1_restaurant1;restaurant;4;;;mesa_hora;domingo;10:00;23:00;25-02-25;11-03-25;"precio es obligatorio y viene nulo."
"Santa Cruz";"Ramon Sanfurgo 800";"Santa Cruz";mesa2_restaurant1;restaurant;4;;;mesa_hora;sabado;10:00;23:00;29-02-24;29-04-24;"precio es obligatorio y viene nulo."
"Santa Cruz";"Ramon Sanfurgo 800";"Santa Cruz";mesa3_restaurant1;restaurant;4;;;mesa_hora;jueves;10:00;23:00;08-04-24;22-04-24;"precio es obligatorio y viene nulo."
"Santa Cruz";"Ramon Sanfurgo 800";"Santa Cruz";mesa4_restaurant1;restaurant;4;;;mesa_hora;sabado;10:00;23:00;01-10-24;08-10-24;"precio es obligatorio y viene nulo."
"Santa Cruz";"Ramon Sanfurgo 800";"Santa Cruz";mesa5_restaurant1;restaurant;4;;;mesa_hora;domingo;10:00;23:00;21-09-25;20-11-25;"precio es obligatorio y viene nulo."
"Santa Cruz";"Ramon Sanfurgo 800";"Santa Cruz";mesa6_restaurant1;restaurant;4;;;mesa_hora;jueves;10:00;23:00;23-11-24;22-01-25;"precio es obligatorio y viene nulo."
"Santa Cruz";"Ramon Sanfurgo 800";"Santa Cruz";mesa7_restaurant1;restaurant;4;"nueve mil";;mesa_hora;martes;10:00;23:00;2025-04;07-05-25;"precio debe ser un numero."
"Santa Cruz";"Ramon Sanfurgo 800";"Santa Cruz";mesa8_restaurant1;restaurant;4;;;mesa_hora;lunes;10:00;23:00;08-02-24;15-02-24;"precio es obligatorio y viene nulo."
"Santa Cruz";"Ramon Sanfurgo 800";"Santa Cruz";mesa1_restaurant2;restaurant;4;;;mesa_hora;martes;10:00;23:00;26-07-25;02-08-25;"precio es obligatorio y viene nulo."
"Santa Cruz";"Ramon Sanfurgo 800";"Santa Cruz";mesa2_restaurant2;restaurant;4;;;mesa_hora;domingo;10:00;23:00;02-11-25;02-12-25;"precio es obligatorio y viene nulo."
"Santa Cruz";"Ramon Sanfurgo 800";"Santa Cruz";mesa3_restaurant2;restaurant;4;"nueve mil";;mesa_hora;domingo;10:00;23:00;02-10-24;16-10-24;"precio debe ser un numero."
"Santa Cruz";"Ramon Sanfurgo 800";"Santa Cruz";mesa4_restaurant2;restaurant;4;"nueve mil";;mesa_hora;jueves;10:00;23:00;29-02-24;29-04-24;"precio debe ser un numero."
"Santa Cruz";"Ramon Sanfurgo 800";"Santa Cruz";mesa5_restaurant2;restaurant;4;;;mesa_hora;lunes;10:00;23:00;30-11-25;28-02-26;"precio es obligatorio y viene nulo."
"Santa Cruz";"Ramon Sanfurgo 800";"Santa Cruz";mesa6_restaurant2;restaurant;4;;;mesa_hora;viernes;10:00;23:00;18-06-25;18-07-25;"precio es obligatorio y viene nulo."
"Santa Cruz";"Ramon Sanfurgo 800";"Santa Cruz";mesa7_restaurant2;restaurant;4;;;mesa_hora;viernes;10:00;23:00;11-02-25;12-05-25;"precio es obligatorio y viene nulo."
"Santa Cruz";"Ramon Sanfurgo 800";"Santa Cruz";mesa8_restaurant2;restaurant;4;;;mesa_hora;sabado;10:00;23:00;05-04-24;05-05-24;"precio es obligatorio y viene nulo."
"Santa Cruz";"Ramon Sanfurgo 800";"Santa Cruz";linea7_piscina2;piscina;1;"nueve mil";21;linea_hora;lunes;21:00;22:00;07-11-25;21-11-25;"precio debe ser un numero."
"Santa Cruz";"Ramon Sanfurgo 800";"Santa Cruz";Cabana5;cabana;7;"nueve mil";30;dia;jueves;00:00;23:59;2024-11;08-01-25;"precio debe ser un numero."
"Santiago Centro";"Av Alameda 900";Santiago;mesa1_restaurant1;restaurant;4;;;mesa_hora;jueves;10:00;23:00;02-08-24;31-10-24;"precio es obligatorio y viene nulo."
"Santiago Centro";"Av Alameda 900";Santiago;mesa2_restaurant1;restaurant;4;;;mesa_hora;miercoles;10:00;23:00;11-05-25;18-05-25;"precio es obligatorio y viene nulo."
"Santiago Centro";"Av Alameda 900";Santiago;mesa3_restaurant1;restaurant;4;;;mesa_hora;sabado;10:00;23:00;10-05-24;24-05-24;"precio es obligatorio y viene nulo."
"Santiago Centro";"Av Alameda 900";Santiago;mesa4_restaurant1;restaurant;4;;;mesa_hora;miercoles;10:00;23:00;08-02-25;09-04-25;"precio es obligatorio y viene nulo."
"Santiago Centro";"Av Alameda 900";Santiago;mesa5_restaurant1;restaurant;4;;;mesa_hora;lunes;10:00;23:00;06-04-24;13-04-24;"precio es obligatorio y viene nulo."
"Santiago Centro";"Av Alameda 900";Santiago;mesa6_restaurant1;restaurant;4;;;mesa_hora;domingo;10:00;23:00;21-10-24;28-10-24;"precio es obligatorio y viene nulo."
"Santiago Centro";"Av Alameda 900";Santiago;mesa7_restaurant1;restaurant;4;;;mesa_hora;sabado;10:00;23:00;28-11-25;12-12-25;"precio es obligatorio y viene nulo."
"Santiago Centro";"Av Alameda 900";Santiago;mesa8_restaurant1;restaurant;4;;;mesa_hora;sabado;10:00;23:00;2024-05;19-05-24;"precio es obligatorio y viene nulo."
"Santiago Centro";"Av Alameda 900";Santiago;mesa1_restaurant2;restaurant;4;;;mesa_hora;miercoles;10:00;23:00;08-10-25;06-01-26;"precio es obligatorio y viene nulo."
"Santiago Centro";"Av Alameda 900";Santiago;mesa2_restaurant2;restaurant;4;;;mesa_hora;martes;10:00;23:00;01-02-24;08-02-24;"precio es obligatorio y viene nulo."
"Santiago Centro";"Av Alameda 900";Santiago;mesa3_restaurant2;restaurant;4;;;mesa_hora;miercoles;10:00;23:00;22-03-24;21-04-24;"precio es obligatorio y viene nulo."
"Santiago Centro";"Av Alameda 900";Santiago;mesa4_restaurant2;restaurant;4;;;mesa_hora;sabado;10:00;23:00;21-02-25;07-03-25;"precio es obligatorio y viene nulo."
"Santiago Centro";"Av Alameda 900";Santiago;mesa5_restaurant2;restaurant;4;;;mesa_hora;miercoles;10:00;23:00;17-08-25;15-11-25;"precio es obligatorio y viene nulo."
"Santiago Centro";"Av Alameda 900";Santiago;mesa6_restaurant2;restaurant;4;;;mesa_hora;jueves;10:00;23:00;01-02-25;15-02-25;"precio es obligatorio y viene nulo."
"Santiago Centro";"Av Alameda 900";Santiago;mesa7_restaurant2;restaurant;4;;;mesa_hora;martes;10:00;23:00;24-06-24;23-08-24;"precio es obligatorio y viene nulo."
"Santiago Centro";"Av Alameda 900";Santiago;mesa8_restaurant2;restaurant;4;;;mesa_hora;martes;10:00;23:00;16-10-25;14-01-26;"precio es obligatorio y viene nulo."
"Santiago Centro";"Av Alameda 900";Santiago;linea5_piscina1;piscina;1;"nueve mil";72;linea_hora;martes;08:00;09:00;04-02-25;05-05-25;"precio debe ser un numero."
"Santiago Centro";"Av Alameda 900";Santiago;linea8_piscina1;piscina;1;"nueve mil";38;linea_hora;domingo;17:00;18:00;02-05-25;31-07-25;"precio debe ser un numero."
"Santiago Centro";"Av Alameda 900";Santiago;linea4_piscina2;piscina;1;"nueve mil";41;linea_hora;lunes;19:00;20:00;2025-01;16-01-25;"precio debe ser un numero."
"Santiago Centro";"Av Alameda 900";Santiago;linea6_piscina2;piscina;1;"nueve mil";60;linea_hora;sabado;18:00;19:00;05-10-24;12-10-24;"precio debe ser un numero."
"Santiago Centro";"Av Alameda 900";Santiago;Cabana2;cabana;4;"nueve mil";;dia;miercoles;00:00;23:59;2024-01;22-02-24;"precio debe ser un numero."
"Santiago Centro";"Av Alameda 900";Santiago;Cabana11;cabana;5;"nueve mil";;dia;lunes;00:00;23:59;04-11-25;11-11-25;"precio debe ser un numero."
Providencia;"Av Pedro de Valdivia 2100";Providencia;mesa1_restaurant1;restaurant;4;;;mesa_hora;domingo;10:00;23:00;13-06-25;20-06-25;"precio es obligatorio y viene nulo."
Providencia;"Av Pedro de Valdivia 2100";Providencia;mesa2_restaurant1;restaurant;4;;;mesa_hora;domingo;10:00;23:00;22-08-25;21-10-25;"precio es obligatorio y viene nulo."
Providencia;"Av Pedro de Valdivia 2100";Providencia;mesa3_restaurant1;restaurant;4;;;mesa_hora;viernes;10:00;23:00;2025-07;21-09-25;"precio es obligatorio y viene nulo."
Providencia;"Av Pedro de Valdivia 2100";Providencia;mesa4_restaurant1;restaurant;4;;;mesa_hora;martes;10:00;23:00;05-11-25;05-12-25;"precio es obligatorio y viene nulo."
Providencia;"Av Pedro de Valdivia 2100";Providencia;mesa5_restaurant1;restaurant;4;;;mesa_hora;lunes;10:00;23:00;30-06-24;07-07-24;"precio es obligatorio y viene nulo."
Providencia;"Av Pedro de Valdivia 2100";Providencia;mesa6_restaurant1;restaurant;4;;;mesa_hora;sabado;10:00;23:00;17-07-24;16-08-24;"precio es obligatorio y viene nulo."
Providencia;"Av Pedro de Valdivia 2100";Providencia;mesa7_restaurant1;restaurant;4;;;mesa_hora;lunes;10:00;23:00;05-04-25;04-06-25;"precio es obligatorio y viene nulo."
Providencia;"Av Pedro de Valdivia 2100";Providencia;mesa8_restaurant1;restaurant;4;;;mesa_hora;jueves;10:00;23:00;25-06-25;09-07-25;"precio es obligatorio y viene nulo."
Providencia;"Av Pedro de Valdivia 2100";Providencia;mesa1_restaurant2;restaurant;4;;;mesa_hora;martes;10:00;23:00;05-05-24;04-06-24;"precio es obligatorio y viene nulo."
Providencia;"Av Pedro de Valdivia 2100";Providencia;mesa2_restaurant2;restaurant;4;;;mesa_hora;viernes;10:00;23:00;16-04-24;16-05-24;"precio es obligatorio y viene nulo."
Providencia;"Av Pedro de Valdivia 2100";Providencia;mesa3_restaurant2;restaurant;4;;;mesa_hora;viernes;10:00;23:00;07-01-25;08-03-25;"precio es obligatorio y viene nulo."
Providencia;"Av Pedro de Valdivia 2100";Providencia;mesa4_restaurant2;restaurant;4;;;mesa_hora;martes;10:00;23:00;18-04-25;02-05-25;"precio es obligatorio y viene nulo."
Providencia;"Av Pedro de Valdivia 2100";Providencia;mesa5_restaurant2;restaurant;4;;;mesa_hora;viernes;10:00;23:00;10-08-24;17-08-24;"precio es obligatorio y viene nulo."
Providencia;"Av Pedro de Valdivia 2100";Providencia;mesa6_restaurant2;restaurant;4;;;mesa_hora;martes;10:00;23:00;08-04-24;07-07-24;"precio es obligatorio y viene nulo."
Providencia;"Av Pedro de Valdivia 2100";Providencia;mesa7_restaurant2;restaurant;4;;;mesa_hora;jueves;10:00;23:00;31-07-25;30-08-25;"precio es obligatorio y viene nulo."
Providencia;"Av Pedro de Valdivia 2100";Providencia;mesa8_restaurant2;restaurant;4;;;mesa_hora;jueves;10:00;23:00;10-04-25;09-06-25;"precio es obligatorio y viene nulo."
Providencia;"Av Pedro de Valdivia 2100";Providencia;SalonEventos1;salon_eventos;61;"nueve mil";;tramo;miercoles;08:00;14:00;10-07-25;09-08-25;"precio debe ser un numero."
Providencia;"Av Pedro de Valdivia 2100";Providencia;Cancha_tenis_aire_libre;cancha_aire_libre;16;"nueve mil";45;hora;sabado;10:00;11:00;2025-07;28-09-25;"precio debe ser un numero."
"La Florida";"Av. Vicua Mackenna 10777";"La Florida";mesa1_restaurant1;restaurant;4;;;mesa_hora;jueves;10:00;23:00;15-08-25;13-11-25;"precio es obligatorio y viene nulo."
"La Florida";"Av. Vicua Mackenna 10777";"La Florida";mesa2_restaurant1;restaurant;4;;;mesa_hora;miercoles;10:00;23:00;19-09-24;18-11-24;"precio es obligatorio y viene nulo."
"La Florida";"Av. Vicua Mackenna 10777";"La Florida";mesa3_restaurant1;restaurant;4;;;mesa_hora;martes;10:00;23:00;20-09-25;19-11-25;"precio es obligatorio y viene nulo."
"La Florida";"Av. Vicua Mackenna 10777";"La Florida";mesa4_restaurant1;restaurant;4;;;mesa_hora;martes;10:00;23:00;28-02-24;06-03-24;"precio es obligatorio y viene nulo."
"La Florida";"Av. Vicua Mackenna 10777";"La Florida";mesa5_restaurant1;restaurant;4;;;mesa_hora;jueves;10:00;23:00;11-05-24;25-05-24;"precio es obligatorio y viene nulo."
"La Florida";"Av. Vicua Mackenna 10777";"La Florida";mesa6_restaurant1;restaurant;4;;;mesa_hora;viernes;10:00;23:00;18-08-25;17-09-25;"precio es obligatorio y viene nulo."
"La Florida";"Av. Vicua Mackenna 10777";"La Florida";mesa7_restaurant1;restaurant;4;;;mesa_hora;sabado;10:00;23:00;12-10-24;10-01-25;"precio es obligatorio y viene nulo."
"La Florida";"Av. Vicua Mackenna 10777";"La Florida";mesa8_restaurant1;restaurant;4;;;mesa_hora;jueves;10:00;23:00;03-04-24;02-06-24;"precio es obligatorio y viene nulo."
"La Florida";"Av. Vicua Mackenna 10777";"La Florida";mesa1_restaurant2;restaurant;4;;;mesa_hora;martes;10:00;23:00;01-05-25;08-05-25;"precio es obligatorio y viene nulo."
"La Florida";"Av. Vicua Mackenna 10777";"La Florida";mesa2_restaurant2;restaurant;4;;;mesa_hora;jueves;10:00;23:00;14-07-24;12-10-24;"precio es obligatorio y viene nulo."
"La Florida";"Av. Vicua Mackenna 10777";"La Florida";mesa3_restaurant2;restaurant;4;;;mesa_hora;miercoles;10:00;23:00;06-08-24;13-08-24;"precio es obligatorio y viene nulo."
"La Florida";"Av. Vicua Mackenna 10777";"La Florida";mesa4_restaurant2;restaurant;4;;;mesa_hora;miercoles;10:00;23:00;19-03-25;17-06-25;"precio es obligatorio y viene nulo."
"La Florida";"Av. Vicua Mackenna 10777";"La Florida";mesa5_restaurant2;restaurant;4;;;mesa_hora;viernes;10:00;23:00;20-10-24;19-12-24;"precio es obligatorio y viene nulo."
"La Florida";"Av. Vicua Mackenna 10777";"La Florida";mesa6_restaurant2;restaurant;4;"nueve mil";;mesa_hora;viernes;10:00;23:00;2025-07;09-08-25;"precio debe ser un numero."
"La Florida";"Av. Vicua Mackenna 10777";"La Florida";mesa7_restaurant2;restaurant;4;;;mesa_hora;sabado;10:00;23:00;25-07-25;23-10-25;"precio es obligatorio y viene nulo."
"La Florida";"Av. Vicua Mackenna 10777";"La Florida";mesa8_restaurant2;restaurant;4;;;mesa_hora;jueves;10:00;23:00;30-07-25;29-08-25;"precio es obligatorio y viene nulo."
"La Florida";"Av. Vicua Mackenna 10777";"La Florida";SalonEventos2;salon_eventos;115;"nueve mil";37;tramo;martes;14:00;20:00;16-08-24;15-10-24;"precio debe ser un numero."
"La Florida";"Av. Vicua Mackenna 10777";"La Florida";Cabana4;cabana;7;"nueve mil";;dia;jueves;00:00;23:59;29-11-25;06-12-25;"precio debe ser un numero."
"Santa Cruz";"Ramon Sanfurgo 800";"Santa Cruz";mesa1_restaurant1;restaurant;4;;;mesa_hora;sabado;10:00;23:00;07-05-24;21-05-24;"precio es obligatorio y viene nulo."
"Santa Cruz";"Ramon Sanfurgo 800";"Santa Cruz";mesa2_restaurant1;restaurant;4;;;mesa_hora;miercoles;10:00;23:00;06-06-24;20-06-24;"precio es obligatorio y viene nulo."
"Santa Cruz";"Ramon Sanfurgo 800";"Santa Cruz";mesa3_restaurant1;restaurant;4;;;mesa_hora;lunes;10:00;23:00;19-10-24;02-11-24;"precio es obligatorio y viene nulo."
"Santa Cruz";"Ramon Sanfurgo 800";"Santa Cruz";mesa4_restaurant1;restaurant;4;;;mesa_hora;sabado;10:00;23:00;18-09-25;18-10-25;"precio es obligatorio y viene nulo."
"Santa Cruz";"Ramon Sanfurgo 800";"Santa Cruz";mesa5_restaurant1;restaurant;4;;;mesa_hora;jueves;10:00;23:00;02-10-25;01-12-25;"precio es obligatorio y viene nulo."
"Santa Cruz";"Ramon Sanfurgo 800";"Santa Cruz";mesa6_restaurant1;restaurant;4;;;mesa_hora;viernes;10:00;23:00;27-10-24;26-12-24;"precio es obligatorio y viene nulo."
"Santa Cruz";"Ramon Sanfurgo 800";"Santa Cruz";mesa7_restaurant1;restaurant;4;;;mesa_hora;viernes;10:00;23:00;23-07-24;21-09-24;"precio es obligatorio y viene nulo."
"Santa Cruz";"Ramon Sanfurgo 800";"Santa Cruz";mesa8_restaurant1;restaurant;4;;;mesa_hora;martes;10:00;23:00;12-02-25;26-02-25;"precio es obligatorio y viene nulo."
"Santa Cruz";"Ramon Sanfurgo 800";"Santa Cruz";mesa1_restaurant2;restaurant;4;;;mesa_hora;lunes;10:00;23:00;22-01-25;23-03-25;"precio es obligatorio y viene nulo."
"Santa Cruz";"Ramon Sanfurgo 800";"Santa Cruz";mesa2_restaurant2;restaurant;4;;;mesa_hora;domingo;10:00;23:00;28-06-25;27-08-25;"precio es obligatorio y viene nulo."
"Santa Cruz";"Ramon Sanfurgo 800";"Santa Cruz";mesa3_restaurant2;restaurant;4;;;mesa_hora;domingo;10:00;23:00;13-10-24;11-01-25;"precio es obligatorio y viene nulo."
"Santa Cruz";"Ramon Sanfurgo 800";"Santa Cruz";mesa4_restaurant2;restaurant;4;;;mesa_hora;sabado;10:00;23:00;02-05-24;31-07-24;"precio es obligatorio y viene nulo."
"Santa Cruz";"Ramon Sanfurgo 800";"Santa Cruz";mesa5_restaurant2;restaurant;4;;;mesa_hora;miercoles;10:00;23:00;01-03-25;15-03-25;"precio es obligatorio y viene nulo."
"Santa Cruz";"Ramon Sanfurgo 800";"Santa Cruz";mesa6_restaurant2;restaurant;4;;;mesa_hora;sabado;10:00;23:00;14-11-24;21-11-24;"precio es obligatorio y viene nulo."
"Santa Cruz";"Ramon Sanfurgo 800";"Santa Cruz";mesa7_restaurant2;restaurant;4;;;mesa_hora;miercoles;10:00;23:00;21-04-25;05-05-25;"precio es obligatorio y viene nulo."
"Santa Cruz";"Ramon Sanfurgo 800";"Santa Cruz";mesa8_restaurant2;restaurant;4;"nueve mil";;mesa_hora;viernes;10:00;23:00;18-07-25;16-10-25;"precio debe ser un numero."
"Santiago Centro";"Av Alameda 900";Santiago;mesa1_restaurant1;restaurant;4;;;mesa_hora;domingo;10:00;23:00;28-07-24;04-08-24;"precio es obligatorio y viene nulo."
"Santiago Centro";"Av Alameda 900";Santiago;mesa2_restaurant1;restaurant;4;;;mesa_hora;miercoles;10:00;23:00;30-06-25;30-07-25;"precio es obligatorio y viene nulo."
"Santiago Centro";"Av Alameda 900";Santiago;mesa3_restaurant1;restaurant;4;;;mesa_hora;martes;10:00;23:00;28-06-25;12-07-25;"precio es obligatorio y viene nulo."
"Santiago Centro";"Av Alameda 900";Santiago;mesa4_restaurant1;restaurant;4;;;mesa_hora;lunes;10:00;23:00;13-11-24;27-11-24;"precio es obligatorio y viene nulo."
"Santiago Centro";"Av Alameda 900";Santiago;mesa5_restaurant1;restaurant;4;;;mesa_hora;miercoles;10:00;23:00;29-04-25;06-05-25;"precio es obligatorio y viene nulo."
"Santiago Centro";"Av Alameda 900";Santiago;mesa6_restaurant1;restaurant;4;;;mesa_hora;sabado;10:00;23:00;21-11-24;20-01-25;"precio es obligatorio y viene nulo."
"Santiago Centro";"Av Alameda 900";Santiago;mesa7_restaurant1;restaurant;4;;;mesa_hora;sabado;10:00;23:00;17-07-24;15-10-24;"precio es obligatorio y viene nulo."
"Santiago Centro";"Av Alameda 900";Santiago;mesa8_restaurant1;restaurant;4;;;mesa_hora;martes;10:00;23:00;24-01-25;24-04-25;"precio es obligatorio y viene nulo."
"Santiago Centro";"Av Alameda 900";Santiago;mesa1_restaurant2;restaurant;4;;;mesa_hora;sabado;10:00;23:00;01-08-24;08-08-24;"precio es obligatorio y viene nulo."
"Santiago Centro";"Av Alameda 900";Santiago;mesa2_restaurant2;restaurant;4;;;mesa_hora;lunes;10:00;23:00;16-09-25;30-09-25;"precio es obligatorio y viene nulo."
"Santiago Centro";"Av Alameda 900";Santiago;mesa3_restaurant2;restaurant;4;"nueve mil";;mesa_hora;martes;10:00;23:00;2025-04;20-06-25;"precio debe ser un numero."
"Santiago Centro";"Av Alameda 900";Santiago;mesa4_restaurant2;restaurant;4;;;mesa_hora;martes;10:00;23:00;20-02-25;21-05-25;"precio es obligatorio y viene nulo."
"Santiago Centro";"Av Alameda 900";Santiago;mesa5_restaurant2;restaurant;4;;;mesa_hora;martes;10:00;23:00;13-01-24;27-01-24;"precio es obligatorio y viene nulo."
"Santiago Centro";"Av Alameda 900";Santiago;mesa6_restaurant2;restaurant;4;;;mesa_hora;lunes;10:00;23:00;06-09-25;06-10-25;"precio es obligatorio y viene nulo."
"Santiago Centro";"Av Alameda 900";Santiago;mesa7_restaurant2;restaurant;4;;;mesa_hora;sabado;10:00;23:00;10-07-24;17-07-24;"precio es obligatorio y viene nulo."
"Santiago Centro";"Av Alameda 900";Santiago;mesa8_restaurant2;restaurant;4;;;mesa_hora;lunes;10:00;23:00;06-09-25;05-12-25;"precio es obligatorio y viene nulo."
"Santiago Centro";"Av Alameda 900";Santiago;Cabana3;cabana;5;"nueve mil";28;dia;domingo;00:00;23:59;07-10-25;06-11-25;"precio debe ser un numero."
"Santiago Centro";"Av Alameda 900";Santiago;Cabana20;cabana;6;"nueve mil";;dia;domingo;00:00;23:59;15-11-25;15-12-25;"precio debe ser un numero."
"Santiago Centro";"Av Alameda 900";Santiago;Cancha_basquetbol_aire_libre;cancha_aire_libre;17;"nueve mil";20;hora;sabado;13:00;14:00;2025-04;05-07-25;"precio debe ser un numero."
"Santiago Centro";"Av Alameda 900";Santiago;Cancha_padel_techada;cancha_techada;12;"nueve mil";47;hora;miercoles;08:00;09:00;2025-06;16-09-25;"precio debe ser un numero."
Providencia;"Av Pedro de Valdivia 2100";Providencia;mesa1_restaurant1;restaurant;4;;;mesa_hora;lunes;10:00;23:00;08-03-24;22-03-24;"precio es obligatorio y viene nulo."
Providencia;"Av Pedro de Valdivia 2100";Providencia;mesa2_restaurant1;restaurant;4;;;mesa_hora;jueves;10:00;23:00;27-06-25;26-08-25;"precio es obligatorio y viene nulo."
Providencia;"Av Pedro de Valdivia 2100";Providencia;mesa3_restaurant1;restaurant;4;;;mesa_hora;viernes;10:00;23:00;20-10-25;27-10-25;"precio es obligatorio y viene nulo."
Providencia;"Av Pedro de Valdivia 2100";Providencia;mesa4_restaurant1;restaurant;4;;;mesa_hora;viernes;10:00;23:00;19-11-24;18-01-25;"precio es obligatorio y viene nulo."
Providencia;"Av Pedro de Valdivia 2100";Providencia;mesa5_restaurant1;restaurant;4;;;mesa_hora;miercoles;10:00;23:00;29-05-24;28-06-24;"precio es obligatorio y viene nulo."
Providencia;"Av Pedro de Valdivia 2100";Providencia;mesa6_restaurant1;restaurant;4;;;mesa_hora;viernes;10:00;23:00;24-09-24;23-11-24;"precio es obligatorio y viene nulo."
Providencia;"Av Pedro de Valdivia 2100";Providencia;mesa7_restaurant1;restaurant;4;;;mesa_hora;martes;10:00;23:00;11-10-24;18-10-24;"precio es obligatorio y viene nulo."
Providencia;"Av Pedro de Valdivia 2100";Providencia;mesa8_restaurant1;restaurant;4;;;mesa_hora;viernes;10:00;23:00;07-04-25;07-05-25;"precio es obligatorio y viene nulo."
Providencia;"Av Pedro de Valdivia 2100";Providencia;mesa1_restaurant2;restaurant;4;;;mesa_hora;viernes;10:00;23:00;09-06-25;07-09-25;"precio es obligatorio y viene nulo."
Providencia;"Av Pedro de Valdivia 2100";Providencia;mesa2_restaurant2;restaurant;4;;;mesa_hora;domingo;10:00;23:00;08-08-24;07-09-24;"precio es obligatorio y viene nulo."
Providencia;"Av Pedro de Valdivia 2100";Providencia;mesa3_restaurant2;restaurant;4;;;mesa_hora;lunes;10:00;23:00;29-11-24;13-12-24;"precio es obligatorio y viene nulo."
Providencia;"Av Pedro de Valdivia 2100";Providencia;mesa4_restaurant2;restaurant;4;;;mesa_hora;martes;10:00;23:00;20-09-25;19-11-25;"precio es obligatorio y viene nulo."
Providencia;"Av Pedro de Valdivia 2100";Providencia;mesa5_restaurant2;restaurant;4;;;mesa_hora;jueves;10:00;23:00;17-06-25;24-06-25;"precio es obligatorio y viene nulo."
Providencia;"Av Pedro de Valdivia 2100";Providencia;mesa6_restaurant2;restaurant;4;;;mesa_hora;martes;10:00;23:00;28-05-24;27-07-24;"precio es obligatorio y viene nulo."
Providencia;"Av Pedro de Valdivia 2100";Providencia;mesa7_restaurant2;restaurant;4;;;mesa_hora;lunes;10:00;23:00;11-08-24;18-08-24;"precio es obligatorio y viene nulo."
Providencia;"Av Pedro de Valdivia 2100";Providencia;mesa8_restaurant2;restaurant;4;;;mesa_hora;viernes;10:00;23:00;09-08-24;08-09-24;"precio es obligatorio y viene nulo."
Providencia;"Av Pedro de Valdivia 2100";Providencia;linea5_piscina1;piscina;1;"nueve mil";4;linea_hora;lunes;09:00;10:00;05-04-24;19-04-24;"precio debe ser un numero."
Providencia;"Av Pedro de Valdivia 2100";Providencia;linea7_piscina1;piscina;1;"nueve mil";;linea_hora;sabado;20:00;21:00;2025-02;27-05-25;"precio debe ser un numero."
Providencia;"Av Pedro de Valdivia 2100";Providencia;linea4_piscina2;piscina;1;"nueve mil";74;linea_hora;viernes;18:00;19:00;2024-03;24-03-24;"precio debe ser un numero."
Providencia;"Av Pedro de Valdivia 2100";Providencia;SalonEventos3;salon_eventos;86;"nueve mil";24;tramo;miercoles;14:00;20:00;05-03-24;04-04-24;"precio debe ser un numero."
"La Florida";"Av. Vicua Mackenna 10777";"La Florida";mesa1_restaurant1;restaurant;4;;;mesa_hora;lunes;10:00;23:00;24-01-24;23-02-24;"precio es obligatorio y viene nulo."
"La Florida";"Av. Vicua Mackenna 10777";"La Florida";mesa2_restaurant1;restaurant;4;;;mesa_hora;domingo;10:00;23:00;29-06-24;13-07-24;"precio es obligatorio y viene nulo."
"La Florida";"Av. Vicua Mackenna 10777";"La Florida";mesa3_restaurant1;restaurant;4;;;mesa_hora;viernes;10:00;23:00;03-09-25;17-09-25;"precio es obligatorio y viene nulo."
"La Florida";"Av. Vicua Mackenna 10777";"La Florida";mesa4_restaurant1;restaurant;4;;;mesa_hora;viernes;10:00;23:00;06-04-25;13-04-25;"precio es obligatorio y viene nulo."
"La Florida";"Av. Vicua Mackenna 10777";"La Florida";mesa5_restaurant1;restaurant;4;;;mesa_hora;martes;10:00;23:00;07-02-25;08-04-25;"precio es obligatorio y viene nulo."
"La Florida";"Av. Vicua Mackenna 10777";"La Florida";mesa6_restaurant1;restaurant;4;;;mesa_hora;martes;10:00;23:00;06-09-24;05-11-24;"precio es obligatorio y viene nulo."
"La Florida";"Av. Vicua Mackenna 10777";"La Florida";mesa7_restaurant1;restaurant;4;;;mesa_hora;jueves;10:00;23:00;17-03-25;31-03-25;"precio es obligatorio y viene nulo."
"La Florida";"Av. Vicua Mackenna 10777";"La Florida";mesa8_restaurant1;restaurant;4;;;mesa_hora;lunes;10:00;23:00;12-01-25;12-04-25;"precio es obligatorio y viene nulo."
"La Florida";"Av. Vicua Mackenna 10777";"La Florida";mesa1_restaurant2;restaurant;4;;;mesa_hora;miercoles;10:00;23:00;19-05-24;17-08-24;"precio es obligatorio y viene nulo."
"La Florida";"Av. Vicua Mackenna 10777";"La Florida";mesa2_restaurant2;restaurant;4;;;mesa_hora;jueves;10:00;23:00;28-07-25;11-08-25;"precio es obligatorio y viene nulo."
"La Florida";"Av. Vicua Mackenna 10777";"La Florida";mesa3_restaurant2;restaurant;4;;;mesa_hora;jueves;10:00;23:00;06-07-24;04-09-24;"precio es obligatorio y viene nulo."
"La Florida";"Av. Vicua Mackenna 10777";"La Florida";mesa4_restaurant2;restaurant;4;;;mesa_hora;sabado;10:00;23:00;30-04-25;07-05-25;"precio es obligatorio y viene nulo."
"La Florida";"Av. Vicua Mackenna 10777";"La Florida";mesa5_restaurant2;restaurant;4;;;mesa_hora;martes;10:00;23:00;28-07-24;27-08-24;"precio es obligatorio y viene nulo."
"La Florida";"Av. Vicua Mackenna 10777";"La Florida";mesa6_restaurant2;restaurant;4;;;mesa_hora;viernes;10:00;23:00;08-08-24;15-08-24;"precio es obligatorio y viene nulo."
"La Florida";"Av. Vicua Mackenna 10777";"La Florida";mesa7_restaurant2;restaurant;4;;;mesa_hora;miercoles;10:00;23:00;14-11-24;12-02-25;"precio es obligatorio y viene nulo."
"La Florida";"Av. Vicua Mackenna 10777";"La Florida";mesa8_restaurant2;restaurant;4;;;mesa_hora;jueves;10:00;23:00;25-03-24;01-04-24;"precio es obligatorio y viene nulo."
"La Florida";"Av. Vicua Mackenna 10777";"La Florida";linea8_piscina1;piscina;1;"nueve mil";46;linea_hora;miercoles;20:00;21:00;21-09-24;20-11-24;"precio debe ser un numero."
"La Florida";"Av. Vicua Mackenna 10777";"La Florida";linea8_piscina2;piscina;1;"nueve mil";55;linea_hora;sabado;20:00;21:00;01-04-24;31-05-24;"precio debe ser un numero."
"La Florida";"Av. Vicua Mackenna 10777";"La Florida";Cabana15;cabana;7;"nueve mil";55;dia;sabado;00:00;23:59;23-05-24;22-06-24;"precio debe ser un numero."
"Santa Cruz";"Ramon Sanfurgo 800";"Santa Cruz";mesa1_restaurant1;restaurant;4;;;mesa_hora;viernes;10:00;23:00;12-03-24;10-06-24;"precio es obligatorio y viene nulo."
"Santa Cruz";"Ramon Sanfurgo 800";"Santa Cruz";mesa2_restaurant1;restaurant;4;;;mesa_hora;martes;10:00;23:00;21-07-24;19-09-24;"precio es obligatorio y viene nulo."
"Santa Cruz";"Ramon Sanfurgo 800";"Santa Cruz";mesa3_restaurant1;restaurant;4;;;mesa_hora;miercoles;10:00;23:00;28-02-24;29-03-24;"precio es obligatorio y viene nulo."
"Santa Cruz";"Ramon Sanfurgo 800";"Santa Cruz";mesa4_restaurant1;restaurant;4;;;mesa_hora;miercoles;10:00;23:00;22-11-25;22-12-25;"precio es obligatorio y viene nulo."
"Santa Cruz";"Ramon Sanfurgo 800";"Santa Cruz";mesa5_restaurant1;restaurant;4;;;mesa_hora;miercoles;10:00;23:00;2024-05;30-07-24;"precio es obligatorio y viene nulo."
"Santa Cruz";"Ramon Sanfurgo 800";"Santa Cruz";mesa6_restaurant1;restaurant;4;;;mesa_hora;sabado;10:00;23:00;08-06-24;15-06-24;"precio es obligatorio y viene nulo."
"Santa Cruz";"Ramon Sanfurgo 800";"Santa Cruz";mesa7_restaurant1;restaurant;4;;;mesa_hora;domingo;10:00;23:00;2025-10;30-10-25;"precio es obligatorio y viene nulo."
"Santa Cruz";"Ramon Sanfurgo 800";"Santa Cruz";mesa8_restaurant1;restaurant;4;;;mesa_hora;sabado;10:00;23:00;12-10-24;10-01-25;"precio es obligatorio y viene nulo."
"Santa Cruz";"Ramon Sanfurgo 800";"Santa Cruz";mesa1_restaurant2;restaurant;4;;;mesa_hora;jueves;10:00;23:00;18-10-24;16-01-25;"precio es obligatorio y viene nulo."
"Santa Cruz";"Ramon Sanfurgo 800";"Santa Cruz";mesa2_restaurant2;restaurant;4;;;mesa_hora;viernes;10:00;23:00;02-11-25;01-01-26;"precio es obligatorio y viene nulo."
"Santa Cruz";"Ramon Sanfurgo 800";"Santa Cruz";mesa3_restaurant2;restaurant;4;;;mesa_hora;lunes;10:00;23:00;01-12-25;15-12-25;"precio es obligatorio y viene nulo."
"Santa Cruz";"Ramon Sanfurgo 800";"Santa Cruz";mesa4_restaurant2;restaurant;4;;;mesa_hora;sabado;10:00;23:00;02-01-25;09-01-25;"precio es obligatorio y viene nulo."
"Santa Cruz";"Ramon Sanfurgo 800";"Santa Cruz";mesa5_restaurant2;restaurant;4;;;mesa_hora;jueves;10:00;23:00;22-04-25;29-04-25;"precio es obligatorio y viene nulo."
"Santa Cruz";"Ramon Sanfurgo 800";"Santa Cruz";mesa6_restaurant2;restaurant;4;;;mesa_hora;sabado;10:00;23:00;06-11-25;20-11-25;"precio es obligatorio y viene nulo."
"Santa Cruz";"Ramon Sanfurgo 800";"Santa Cruz";mesa7_restaurant2;restaurant;4;;;mesa_hora;domingo;10:00;23:00;06-07-25;13-07-25;"precio es obligatorio y viene nulo."
"Santa Cruz";"Ramon Sanfurgo 800";"Santa Cruz";mesa8_restaurant2;restaurant;4;;;mesa_hora;viernes;10:00;23:00;15-11-25;14-01-26;"precio es obligatorio y viene nulo."
"Santa Cruz";"Ramon Sanfurgo 800";"Santa Cruz";linea2_piscina2;piscina;1;"nueve mil";24;linea_hora;miercoles;10:00;11:00;07-02-25;21-02-25;"precio debe ser un numero."
"Santa Cruz";"Ramon Sanfurgo 800";"Santa Cruz";Cancha_padel_techada;cancha_techada;15;"nueve mil";;hora;viernes;21:00;22:00;2025-07;29-07-25;"precio debe ser un numero."
"Santiago Centro";"Av Alameda 900";Santiago;mesa1_restaurant1;restaurant;4;;;mesa_hora;jueves;10:00;23:00;02-09-25;02-10-25;"precio es obligatorio y viene nulo."
"Santiago Centro";"Av Alameda 900";Santiago;mesa2_restaurant1;restaurant;4;;;mesa_hora;lunes;10:00;23:00;15-05-25;29-05-25;"precio es obligatorio y viene nulo."
"Santiago Centro";"Av Alameda 900";Santiago;mesa3_restaurant1;restaurant;4;;;mesa_hora;domingo;10:00;23:00;21-10-24;20-11-24;"precio es obligatorio y viene nulo."
"Santiago Centro";"Av Alameda 900";Santiago;mesa4_restaurant1;restaurant;4;;;mesa_hora;lunes;10:00;23:00;08-11-24;22-11-24;"precio es obligatorio y viene nulo."
"Santiago Centro";"Av Alameda 900";Santiago;mesa5_restaurant1;restaurant;4;;;mesa_hora;miercoles;10:00;23:00;24-02-24;02-03-24;"precio es obligatorio y viene nulo."
"Santiago Centro";"Av Alameda 900";Santiago;mesa6_restaurant1;restaurant;4;;;mesa_hora;viernes;10:00;23:00;26-08-24;09-09-24;"precio es obligatorio y viene nulo."
"Santiago Centro";"Av Alameda 900";Santiago;mesa7_restaurant1;restaurant;4;;;mesa_hora;sabado;10:00;23:00;22-05-25;29-05-25;"precio es obligatorio y viene nulo."
"Santiago Centro";"Av Alameda 900";Santiago;mesa8_restaurant1;restaurant;4;;;mesa_hora;sabado;10:00;23:00;23-11-25;30-11-25;"precio es obligatorio y viene nulo."
"Santiago Centro";"Av Alameda 900";Santiago;mesa1_restaurant2;restaurant;4;;;mesa_hora;viernes;10:00;23:00;09-12-24;08-01-25;"precio es obligatorio y viene nulo."
"Santiago Centro";"Av Alameda 900";Santiago;mesa2_restaurant2;restaurant;4;;;mesa_hora;sabado;10:00;23:00;01-07-25;29-09-25;"precio es obligatorio y viene nulo."
"Santiago Centro";"Av Alameda 900";Santiago;mesa3_restaurant2;restaurant;4;;;mesa_hora;lunes;10:00;23:00;2025-01;07-02-25;"precio es obligatorio y viene nulo."
"Santiago Centro";"Av Alameda 900";Santiago;mesa4_restaurant2;restaurant;4;;;mesa_hora;martes;10:00;23:00;04-12-24;03-01-25;"precio es obligatorio y viene nulo."
"Santiago Centro";"Av Alameda 900";Santiago;mesa5_restaurant2;restaurant;4;;;mesa_hora;miercoles;10:00;23:00;30-07-24;06-08-24;"precio es obligatorio y viene nulo."
"Santiago Centro";"Av Alameda 900";Santiago;mesa6_restaurant2;restaurant;4;;;mesa_hora;viernes;10:00;23:00;13-08-25;12-09-25;"precio es obligatorio y viene nulo."
"Santiago Centro";"Av Alameda 900";Santiago;mesa7_restaurant2;restaurant;4;;;mesa_hora;miercoles;10:00;23:00;04-10-24;02-01-25;"precio es obligatorio y viene nulo."
"Santiago Centro";"Av Alameda 900";Santiago;mesa8_restaurant2;restaurant;4;;;mesa_hora;viernes;10:00;23:00;11-04-24;11-05-24;"precio es obligatorio y viene nulo."
"Santiago Centro";"Av Alameda 900";Santiago;Cancha_futbolito_techada;cancha_techada;10;"nueve mil";30;hora;martes;19:00;20:00;06-10-24;04-01-25;"precio debe ser un numero."
Providencia;"Av Pedro de Valdivia 2100";Providencia;mesa1_restaurant1;restaurant;4;;;mesa_hora;jueves;10:00;23:00;01-11-25;30-01-26;"precio es obligatorio y viene nulo."
Providencia;"Av Pedro de Valdivia 2100";Providencia;mesa2_restaurant1;restaurant;4;;;mesa_hora;viernes;10:00;23:00;29-02-24;29-04-24;"precio es obligatorio y viene nulo."
Providencia;"Av Pedro de Valdivia 2100";Providencia;mesa3_restaurant1;restaurant;4;;;mesa_hora;viernes;10:00;23:00;19-03-25;17-06-25;"precio es obligatorio y viene nulo."
Providencia;"Av Pedro de Valdivia 2100";Providencia;mesa4_restaurant1;restaurant;4;;;mesa_hora;sabado;10:00;23:00;03-04-25;02-06-25;"precio es obligatorio y viene nulo."
Providencia;"Av Pedro de Valdivia 2100";Providencia;mesa5_restaurant1;restaurant;4;;;mesa_hora;martes;10:00;23:00;15-04-25;14-07-25;"precio es obligatorio y viene nulo."
Providencia;"Av Pedro de Valdivia 2100";Providencia;mesa6_restaurant1;restaurant;4;"nueve mil";;mesa_hora;domingo;10:00;23:00;2024-05;22-06-24;"precio debe ser un numero."
Providencia;"Av Pedro de Valdivia 2100";Providencia;mesa7_restaurant1;restaurant;4;;;mesa_hora;domingo;10:00;23:00;04-11-24;03-01-25;"precio es obligatorio y viene nulo."
Providencia;"Av Pedro de Valdivia 2100";Providencia;mesa8_restaurant1;restaurant;4;;;mesa_hora;miercoles;10:00;23:00;26-02-25;27-05-25;"precio es obligatorio y viene nulo."
Providencia;"Av Pedro de Valdivia 2100";Providencia;mesa1_restaurant2;restaurant;4;;;mesa_hora;martes;10:00;23:00;06-03-24;13-03-24;"precio es obligatorio y viene nulo."
Providencia;"Av Pedro de Valdivia 2100";Providencia;mesa2_restaurant2;restaurant;4;;;mesa_hora;domingo;10:00;23:00;04-04-25;18-04-25;"precio es obligatorio y viene nulo."
Providencia;"Av Pedro de Valdivia 2100";Providencia;mesa3_restaurant2;restaurant;4;;;mesa_hora;miercoles;10:00;23:00;13-09-24;12-12-24;"precio es obligatorio y viene nulo."
Providencia;"Av Pedro de Valdivia 2100";Providencia;mesa4_restaurant2;restaurant;4;;;mesa_hora;lunes;10:00;23:00;11-05-24;09-08-24;"precio es obligatorio y viene nulo."
Providencia;"Av Pedro de Valdivia 2100";Providencia;mesa5_restaurant2;restaurant;4;;;mesa_hora;miercoles;10:00;23:00;30-10-24;29-12-24;"precio es obligatorio y viene nulo."
Providencia;"Av Pedro de Valdivia 2100";Providencia;mesa6_restaurant2;restaurant;4;;;mesa_hora;martes;10:00;23:00;30-06-24;14-07-24;"precio es obligatorio y viene nulo."
Providencia;"Av Pedro de Valdivia 2100";Providencia;mesa7_restaurant2;restaurant;4;;;mesa_hora;miercoles;10:00;23:00;08-01-25;07-02-25;"precio es obligatorio y viene nulo."
Providencia;"Av Pedro de Valdivia 2100";Providencia;mesa8_restaurant2;restaurant;4;;;mesa_hora;martes;10:00;23:00;31-03-24;29-06-24;"precio es obligatorio y viene nulo."
Providencia;"Av Pedro de Valdivia 2100";Providencia;Cabana1;cabana;4;"nueve mil";66;dia;lunes;00:00;23:59;2024-02;13-03-24;"precio debe ser un numero."
Providencia;"Av Pedro de Valdivia 2100";Providencia;Cabana18;cabana;5;"nueve mil";;dia;domingo;00:00;23:59;2024-03;11-03-24;"precio debe ser un numero."
Providencia;"Av Pedro de Valdivia 2100";Providencia;Cabana19;cabana;7;"nueve mil";78;dia;martes;00:00;23:59;03-09-25;17-09-25;"precio debe ser un numero."
Providencia;"Av Pedro de Valdivia 2100";Providencia;Cancha_padel_aire_libre;cancha_aire_libre;13;"nueve mil";67;hora;miercoles;11:00;12:00;2024-06;11-08-24;"precio debe ser un numero."
"La Florida";"Av. Vicua Mackenna 10777";"La Florida";mesa1_restaurant1;restaurant;4;"nueve mil";;mesa_hora;viernes;10:00;23:00;2024-07;12-09-24;"precio debe ser un numero."
"La Florida";"Av. Vicua Mackenna 10777";"La Florida";mesa2_restaurant1;restaurant;4;;;mesa_hora;lunes;10:00;23:00;09-10-25;16-10-25;"precio es obligatorio y viene nulo."
"La Florida";"Av. Vicua Mackenna 10777";"La Florida";mesa3_restaurant1;restaurant;4;;;mesa_hora;lunes;10:00;23:00;25-03-25;23-06-25;"precio es obligatorio y viene nulo."
"La Florida";"Av. Vicua Mackenna 10777";"La Florida";mesa4_restaurant1;restaurant;4;;;mesa_hora;lunes;10:00;23:00;28-01-24;27-04-24;"precio es obligatorio y viene nulo."
"La Florida";"Av. Vicua Mackenna 10777";"La Florida";mesa5_restaurant1;restaurant;4;;;mesa_hora;miercoles;10:00;23:00;15-07-24;13-10-24;"precio es obligatorio y viene nulo."
"La Florida";"Av. Vicua Mackenna 10777";"La Florida";mesa6_restaurant1;restaurant;4;;;mesa_hora;sabado;10:00;23:00;22-04-24;21-06-24;"precio es obligatorio y viene nulo."
"La Florida";"Av. Vicua Mackenna 10777";"La Florida";mesa7_restaurant1;restaurant;4;;;mesa_hora;miercoles;10:00;23:00;02-08-25;09-08-25;"precio es obligatorio y viene nulo."
"La Florida";"Av. Vicua Mackenna 10777";"La Florida";mesa8_restaurant1;restaurant;4;;;mesa_hora;domingo;10:00;23:00;08-09-25;07-12-25;"precio es obligatorio y viene nulo."
"La Florida";"Av. Vicua Mackenna 10777";"La Florida";mesa1_restaurant2;restaurant;4;;;mesa_hora;lunes;10:00;23:00;28-10-25;26-01-26;"precio es obligatorio y viene nulo."
"La Florida";"Av. Vicua Mackenna 10777";"La Florida";mesa2_restaurant2;restaurant;4;;;mesa_hora;lunes;10:00;23:00;17-02-24;17-05-24;"precio es obligatorio y viene nulo."
"La Florida";"Av. Vicua Mackenna 10777";"La Florida";mesa3_restaurant2;restaurant;4;;;mesa_hora;jueves;10:00;23:00;11-06-24;09-09-24;"precio es obligatorio y viene nulo."
"La Florida";"Av. Vicua Mackenna 10777";"La Florida";mesa4_restaurant2;restaurant;4;;;mesa_hora;miercoles;10:00;23:00;29-10-24;05-11-24;"precio es obligatorio y viene nulo."
"La Florida";"Av. Vicua Mackenna 10777";"La Florida";mesa5_restaurant2;restaurant;4;;;mesa_hora;domingo;10:00;23:00;16-04-24;23-04-24;"precio es obligatorio y viene nulo."
"La Florida";"Av. Vicua Mackenna 10777";"La Florida";mesa6_restaurant2;restaurant;4;;;mesa_hora;jueves;10:00;23:00;27-07-25;03-08-25;"precio es obligatorio y viene nulo."
"La Florida";"Av. Vicua Mackenna 10777";"La Florida";mesa7_restaurant2;restaurant;4;;;mesa_hora;domingo;10:00;23:00;21-01-24;20-04-24;"precio es obligatorio y viene nulo."
"La Florida";"Av. Vicua Mackenna 10777";"La Florida";mesa8_restaurant2;restaurant;4;;;mesa_hora;martes;10:00;23:00;17-11-25;24-11-25;"precio es obligatorio y viene nulo."
"La Florida";"Av. Vicua Mackenna 10777";"La Florida";Cabana7;cabana;6;"nueve mil";;dia;martes;00:00;23:59;19-04-25;18-07-25;"precio debe ser un numero."
"Santa Cruz";"Ramon Sanfurgo 800";"Santa Cruz";mesa1_restaurant1;restaurant;4;;;mesa_hora;lunes;10:00;23:00;20-04-25;04-05-25;"precio es obligatorio y viene nulo."
"Santa Cruz";"Ramon Sanfurgo 800";"Santa Cruz";mesa2_restaurant1;restaurant;4;;;mesa_hora;jueves;10:00;23:00;2025-07;14-07-25;"precio es obligatorio y viene nulo."
"Santa Cruz";"Ramon Sanfurgo 800";"Santa Cruz";mesa3_restaurant1;restaurant;4;;;mesa_hora;martes;10:00;23:00;25-08-25;24-09-25;"precio es obligatorio y viene nulo."
"Santa Cruz";"Ramon Sanfurgo 800";"Santa Cruz";mesa4_restaurant1;restaurant;4;;;mesa_hora;martes;10:00;23:00;26-02-24;26-05-24;"precio es obligatorio y viene nulo."
"Santa Cruz";"Ramon Sanfurgo 800";"Santa Cruz";mesa5_restaurant1;restaurant;4;;;mesa_hora;viernes;10:00;23:00;30-11-24;28-02-25;"precio es obligatorio y viene nulo."
"Santa Cruz";"Ramon Sanfurgo 800";"Santa Cruz";mesa6_restaurant1;restaurant;4;;;mesa_hora;martes;10:00;23:00;19-04-25;19-05-25;"precio es obligatorio y viene nulo."
"Santa Cruz";"Ramon Sanfurgo 800";"Santa Cruz";mesa7_restaurant1;restaurant;4;;;mesa_hora;lunes;10:00;23:00;17-04-24;01-05-24;"precio es obligatorio y viene nulo."
"Santa Cruz";"Ramon Sanfurgo 800";"Santa Cruz";mesa8_restaurant1;restaurant;4;;;mesa_hora;sabado;10:00;23:00;23-06-24;30-06-24;"precio es obligatorio y viene nulo."
"Santa Cruz";"Ramon Sanfurgo 800";"Santa Cruz";mesa1_restaurant2;restaurant;4;;;mesa_hora;miercoles;10:00;23:00;01-08-25;08-08-25;"precio es obligatorio y viene nulo."
"Santa Cruz";"Ramon Sanfurgo 800";"Santa Cruz";mesa2_restaurant2;restaurant;4;;;mesa_hora;viernes;10:00;23:00;10-11-25;10-12-25;"precio es obligatorio y viene nulo."
"Santa Cruz";"Ramon Sanfurgo 800";"Santa Cruz";mesa3_restaurant2;restaurant;4;;;mesa_hora;martes;10:00;23:00;29-11-24;28-01-25;"precio es obligatorio y viene nulo."
"Santa Cruz";"Ramon Sanfurgo 800";"Santa Cruz";mesa4_restaurant2;restaurant;4;;;mesa_hora;lunes;10:00;23:00;11-06-25;18-06-25;"precio es obligatorio y viene nulo."
"Santa Cruz";"Ramon Sanfurgo 800";"Santa Cruz";mesa5_restaurant2;restaurant;4;;;mesa_hora;domingo;10:00;23:00;05-09-24;12-09-24;"precio es obligatorio y viene nulo."
"Santa Cruz";"Ramon Sanfurgo 800";"Santa Cruz";mesa6_restaurant2;restaurant;4;;;mesa_hora;martes;10:00;23:00;16-08-24;15-10-24;"precio es obligatorio y viene nulo."
"Santa Cruz";"Ramon Sanfurgo 800";"Santa Cruz";mesa7_restaurant2;restaurant;4;;;mesa_hora;viernes;10:00;23:00;20-09-24;27-09-24;"precio es obligatorio y viene nulo."
"Santa Cruz";"Ramon Sanfurgo 800";"Santa Cruz";mesa8_restaurant2;restaurant;4;;;mesa_hora;lunes;10:00;23:00;16-08-24;14-11-24;"precio es obligatorio y viene nulo."
"Santa Cruz";"Ramon Sanfurgo 800";"Santa Cruz";linea2_piscina1;piscina;1;"nueve mil";31;linea_hora;viernes;21:00;22:00;2024-06;16-06-24;"precio debe ser un numero."
"Santa Cruz";"Ramon Sanfurgo 800";"Santa Cruz";linea3_piscina1;piscina;1;"nueve mil";56;linea_hora;jueves;16:00;17:00;27-09-24;27-10-24;"precio debe ser un numero."
"Santiago Centro";"Av Alameda 900";Santiago;mesa1_restaurant1;restaurant;4;;;mesa_hora;miercoles;10:00;23:00;05-08-24;19-08-24;"precio es obligatorio y viene nulo."
"Santiago Centro";"Av Alameda 900";Santiago;mesa2_restaurant1;restaurant;4;;;mesa_hora;miercoles;10:00;23:00;11-09-25;10-11-25;"precio es obligatorio y viene nulo."
"Santiago Centro";"Av Alameda 900";Santiago;mesa3_restaurant1;restaurant;4;;;mesa_hora;lunes;10:00;23:00;22-10-25;21-12-25;"precio es obligatorio y viene nulo."
"Santiago Centro";"Av Alameda 900";Santiago;mesa4_restaurant1;restaurant;4;;;mesa_hora;sabado;10:00;23:00;28-05-24;27-07-24;"precio es obligatorio y viene nulo."
"Santiago Centro";"Av Alameda 900";Santiago;mesa5_restaurant1;restaurant;4;"nueve mil";;mesa_hora;jueves;10:00;23:00;19-09-24;26-09-24;"precio debe ser un numero."
"Santiago Centro";"Av Alameda 900";Santiago;mesa6_restaurant1;restaurant;4;;;mesa_hora;lunes;10:00;23:00;29-03-25;28-05-25;"precio es obligatorio y viene nulo."
"Santiago Centro";"Av Alameda 900";Santiago;mesa7_restaurant1;restaurant;4;;;mesa_hora;miercoles;10:00;23:00;05-01-24;05-03-24;"precio es obligatorio y viene nulo."
"Santiago Centro";"Av Alameda 900";Santiago;mesa8_restaurant1;restaurant;4;;;mesa_hora;jueves;10:00;23:00;10-10-24;09-11-24;"precio es obligatorio y viene nulo."
"Santiago Centro";"Av Alameda 900";Santiago;mesa1_restaurant2;restaurant;4;;;mesa_hora;jueves;10:00;23:00;29-06-25;28-08-25;"precio es obligatorio y viene nulo."
"Santiago Centro";"Av Alameda 900";Santiago;mesa2_restaurant2;restaurant;4;;;mesa_hora;miercoles;10:00;23:00;04-09-24;11-09-24;"precio es obligatorio y viene nulo."
"Santiago Centro";"Av Alameda 900";Santiago;mesa3_restaurant2;restaurant;4;;;mesa_hora;lunes;10:00;23:00;18-10-24;17-11-24;"precio es obligatorio y viene nulo."
"Santiago Centro";"Av Alameda 900";Santiago;mesa4_restaurant2;restaurant;4;;;mesa_hora;jueves;10:00;23:00;16-06-24;15-08-24;"precio es obligatorio y viene nulo."
"Santiago Centro";"Av Alameda 900";Santiago;mesa5_restaurant2;restaurant;4;;;mesa_hora;miercoles;10:00;23:00;18-03-24;17-05-24;"precio es obligatorio y viene nulo."
"Santiago Centro";"Av Alameda 900";Santiago;mesa6_restaurant2;restaurant;4;;;mesa_hora;sabado;10:00;23:00;22-05-25;29-05-25;"precio es obligatorio y viene nulo."
"Santiago Centro";"Av Alameda 900";Santiago;mesa7_restaurant2;restaurant;4;;;mesa_hora;viernes;10:00;23:00;29-10-24;28-12-24;"precio es obligatorio y viene nulo."
"Santiago Centro";"Av Alameda 900";Santiago;mesa8_restaurant2;restaurant;4;;;mesa_hora;viernes;10:00;23:00;07-08-25;14-08-25;"precio es obligatorio y viene nulo."
"Santiago Centro";"Av Alameda 900";Santiago;linea8_piscina2;piscina;1;"nueve mil";;linea_hora;miercoles;09:00;10:00;2024-04;02-05-24;"precio debe ser un numero."
Providencia;"Av Pedro de Valdivia 2100";Providencia;mesa1_restaurant1;restaurant;4;;;mesa_hora;sabado;10:00;23:00;01-01-25;31-01-25;"precio es obligatorio y viene nulo."
Providencia;"Av Pedro de Valdivia 2100";Providencia;mesa2_restaurant1;restaurant;4;;;mesa_hora;jueves;10:00;23:00;2025-11;22-12-25;"precio es obligatorio y viene nulo."
Providencia;"Av Pedro de Valdivia 2100";Providencia;mesa3_restaurant1;restaurant;4;;;mesa_hora;lunes;10:00;23:00;23-03-25;30-03-25;"precio es obligatorio y viene nulo."
Providencia;"Av Pedro de Valdivia 2100";Providencia;mesa4_restaurant1;restaurant;4;;;mesa_hora;domingo;10:00;23:00;09-04-25;23-04-25;"precio es obligatorio y viene nulo."
Providencia;"Av Pedro de Valdivia 2100";Providencia;mesa5_restaurant1;restaurant;4;;;mesa_hora;jueves;10:00;23:00;07-01-24;07-03-24;"precio es obligatorio y viene nulo."
Providencia;"Av Pedro de Valdivia 2100";Providencia;mesa6_restaurant1;restaurant;4;;;mesa_hora;domingo;10:00;23:00;23-02-24;23-05-24;"precio es obligatorio y viene nulo."
Providencia;"Av Pedro de Valdivia 2100";Providencia;mesa7_restaurant1;restaurant;4;;;mesa_hora;miercoles;10:00;23:00;2024-08;07-09-24;"precio es obligatorio y viene nulo."
Providencia;"Av Pedro de Valdivia 2100";Providencia;mesa8_restaurant1;restaurant;4;;;mesa_hora;sabado;10:00;23:00;05-10-24;03-01-25;"precio es obligatorio y viene nulo."
Providencia;"Av Pedro de Valdivia 2100";Providencia;mesa1_restaurant2;restaurant;4;;;mesa_hora;domingo;10:00;23:00;22-05-25;29-05-25;"precio es obligatorio y viene nulo."
Providencia;"Av Pedro de Valdivia 2100";Providencia;mesa2_restaurant2;restaurant;4;;;mesa_hora;lunes;10:00;23:00;16-03-25;30-03-25;"precio es obligatorio y viene nulo."
Providencia;"Av Pedro de Valdivia 2100";Providencia;mesa3_restaurant2;restaurant;4;;;mesa_hora;domingo;10:00;23:00;17-05-24;16-07-24;"precio es obligatorio y viene nulo."
Providencia;"Av Pedro de Valdivia 2100";Providencia;mesa4_restaurant2;restaurant;4;;;mesa_hora;miercoles;10:00;23:00;01-02-25;08-02-25;"precio es obligatorio y viene nulo."
Providencia;"Av Pedro de Valdivia 2100";Providencia;mesa5_restaurant2;restaurant;4;"nueve mil";;mesa_hora;sabado;10:00;23:00;10-04-24;09-07-24;"precio debe ser un numero."
Providencia;"Av Pedro de Valdivia 2100";Providencia;mesa6_restaurant2;restaurant;4;;;mesa_hora;jueves;10:00;23:00;23-10-24;30-10-24;"precio es obligatorio y viene nulo."
Providencia;"Av Pedro de Valdivia 2100";Providencia;mesa7_restaurant2;restaurant;4;;;mesa_hora;martes;10:00;23:00;30-05-25;29-07-25;"precio es obligatorio y viene nulo."
Providencia;"Av Pedro de Valdivia 2100";Providencia;mesa8_restaurant2;restaurant;4;;;mesa_hora;domingo;10:00;23:00;28-03-24;26-06-24;"precio es obligatorio y viene nulo."
Providencia;"Av Pedro de Valdivia 2100";Providencia;Cabana15;cabana;4;"nueve mil";;dia;domingo;00:00;23:59;2025-07;17-07-25;"precio debe ser un numero."
Providencia;"Av Pedro de Valdivia 2100";Providencia;Cancha_padel_techada;cancha_techada;14;"nueve mil";23;hora;lunes;16:00;17:00;2024-10;13-10-24;"precio debe ser un numero."
"La Florida";"Av. Vicua Mackenna 10777";"La Florida";mesa1_restaurant1;restaurant;4;;;mesa_hora;domingo;10:00;23:00;07-01-25;14-01-25;"precio es obligatorio y viene nulo."
"La Florida";"Av. Vicua Mackenna 10777";"La Florida";mesa2_restaurant1;restaurant;4;;;mesa_hora;lunes;10:00;23:00;13-05-24;12-06-24;"precio es obligatorio y viene nulo."
"La Florida";"Av. Vicua Mackenna 10777";"La Florida";mesa3_restaurant1;restaurant;4;;;mesa_hora;domingo;10:00;23:00;22-02-25;23-05-25;"precio es obligatorio y viene nulo."
"La Florida";"Av. Vicua Mackenna 10777";"La Florida";mesa4_restaurant1;restaurant;4;;;mesa_hora;domingo;10:00;23:00;26-05-25;24-08-25;"precio es obligatorio y viene nulo."
"La Florida";"Av. Vicua Mackenna 10777";"La Florida";mesa5_restaurant1;restaurant;4;;;mesa_hora;jueves;10:00;23:00;10-07-25;09-08-25;"precio es obligatorio y viene nulo."
"La Florida";"Av. Vicua Mackenna 10777";"La Florida";mesa6_restaurant1;restaurant;4;;;mesa_hora;domingo;10:00;23:00;24-01-24;23-04-24;"precio es obligatorio y viene nulo."
"La Florida";"Av. Vicua Mackenna 10777";"La Florida";mesa7_restaurant1;restaurant;4;;;mesa_hora;domingo;10:00;23:00;30-05-25;28-08-25;"precio es obligatorio y viene nulo."
"La Florida";"Av. Vicua Mackenna 10777";"La Florida";mesa8_restaurant1;restaurant;4;;;mesa_hora;sabado;10:00;23:00;27-08-25;26-09-25;"precio es obligatorio y viene nulo."
"La Florida";"Av. Vicua Mackenna 10777";"La Florida";mesa1_restaurant2;restaurant;4;;;mesa_hora;lunes;10:00;23:00;03-02-24;03-04-24;"precio es obligatorio y viene nulo."
"La Florida";"Av. Vicua Mackenna 10777";"La Florida";mesa2_restaurant2;restaurant;4;;;mesa_hora;sabado;10:00;23:00;02-07-24;01-08-24;"precio es obligatorio y viene nulo."
"La Florida";"Av. Vicua Mackenna 10777";"La Florida";mesa3_restaurant2;restaurant;4;;;mesa_hora;lunes;10:00;23:00;15-04-24;22-04-24;"precio es obligatorio y viene nulo."
"La Florida";"Av. Vicua Mackenna 10777";"La Florida";mesa4_restaurant2;restaurant;4;;;mesa_hora;miercoles;10:00;23:00;25-05-24;24-06-24;"precio es obligatorio y viene nulo."
"La Florida";"Av. Vicua Mackenna 10777";"La Florida";mesa5_restaurant2;restaurant;4;;;mesa_hora;martes;10:00;23:00;06-06-24;13-06-24;"precio es obligatorio y viene nulo."
"La Florida";"Av. Vicua Mackenna 10777";"La Florida";mesa6_restaurant2;restaurant;4;;;mesa_hora;miercoles;10:00;23:00;03-12-24;17-12-24;"precio es obligatorio y viene nulo."
"La Florida";"Av. Vicua Mackenna 10777";"La Florida";mesa7_restaurant2;restaurant;4;;;mesa_hora;martes;10:00;23:00;11-11-24;18-11-24;"precio es obligatorio y viene nulo."
"La Florida";"Av. Vicua Mackenna 10777";"La Florida";mesa8_restaurant2;restaurant;4;;;mesa_hora;lunes;10:00;23:00;18-09-24;17-11-24;"precio es obligatorio y viene nulo."
"La Florida";"Av. Vicua Mackenna 10777";"La Florida";linea3_piscina1;piscina;1;"nueve mil";56;linea_hora;viernes;16:00;17:00;2024-01;22-03-24;"precio debe ser un numero."
"La Florida";"Av. Vicua Mackenna 10777";"La Florida";Cabana8;cabana;4;"nueve mil";77;dia;viernes;00:00;23:59;2024-04;07-05-24;"precio debe ser un numero."
"Santa Cruz";"Ramon Sanfurgo 800";"Santa Cruz";mesa1_restaurant1;restaurant;4;;;mesa_hora;domingo;10:00;23:00;20-03-25;27-03-25;"precio es obligatorio y viene nulo."
"Santa Cruz";"Ramon Sanfurgo 800";"Santa Cruz";mesa2_restaurant1;restaurant;4;;;mesa_hora;miercoles;10:00;23:00;26-05-25;02-06-25;"precio es obligatorio y viene nulo."
"Santa Cruz";"Ramon Sanfurgo 800";"Santa Cruz";mesa3_restaurant1;restaurant;4;;;mesa_hora;jueves;10:00;23:00;30-10-24;06-11-24;"precio es obligatorio y viene nulo."
"Santa Cruz";"Ramon Sanfurgo 800";"Santa Cruz";mesa4_restaurant1;restaurant;4;;;mesa_hora;miercoles;10:00;23:00;01-02-24;08-02-24;"precio es obligatorio y viene nulo."
"Santa Cruz";"Ramon Sanfurgo 800";"Santa Cruz";mesa5_restaurant1;restaurant;4;;;mesa_hora;miercoles;10:00;23:00;15-03-25;13-06-25;"precio es obligatorio y viene nulo."
"Santa Cruz";"Ramon Sanfurgo 800";"Santa Cruz";mesa6_restaurant1;restaurant;4;;;mesa_hora;lunes;10:00;23:00;07-09-24;06-12-24;"precio es obligatorio y viene nulo."
"Santa Cruz";"Ramon Sanfurgo 800";"Santa Cruz";mesa7_restaurant1;restaurant;4;;;mesa_hora;jueves;10:00;23:00;06-09-25;05-11-25;"precio es obligatorio y viene nulo."
"Santa Cruz";"Ramon Sanfurgo 800";"Santa Cruz";mesa8_restaurant1;restaurant;4;;;mesa_hora;lunes;10:00;23:00;27-10-25;25-01-26;"precio es obligatorio y viene nulo."
"Santa Cruz";"Ramon Sanfurgo 800";"Santa Cruz";mesa1_restaurant2;restaurant;4;;;mesa_hora;miercoles;10:00;23:00;01-08-25;30-10-25;"precio es obligatorio y viene nulo."
"Santa Cruz";"Ramon Sanfurgo 800";"Santa Cruz";mesa2_restaurant2;restaurant;4;;;mesa_hora;martes;10:00;23:00;23-02-24;01-03-24;"precio es obligatorio y viene nulo."
"Santa Cruz";"Ramon Sanfurgo 800";"Santa Cruz";mesa3_restaurant2;restaurant;4;"nueve mil";;mesa_hora;sabado;10:00;23:00;2024-01;24-02-24;"precio debe ser un numero."
"Santa Cruz";"Ramon Sanfurgo 800";"Santa Cruz";mesa4_restaurant2;restaurant;4;;;mesa_hora;domingo;10:00;23:00;27-08-25;26-10-25;"precio es obligatorio y viene nulo."
"Santa Cruz";"Ramon Sanfurgo 800";"Santa Cruz";mesa5_restaurant2;restaurant;4;;;mesa_hora;sabado;10:00;23:00;23-05-24;22-07-24;"precio es obligatorio y viene nulo."
"Santa Cruz";"Ramon Sanfurgo 800";"Santa Cruz";mesa6_restaurant2;restaurant;4;;;mesa_hora;viernes;10:00;23:00;07-11-24;14-11-24;"precio es obligatorio y viene nulo."
"Santa Cruz";"Ramon Sanfurgo 800";"Santa Cruz";mesa7_restaurant2;restaurant;4;;;mesa_hora;jueves;10:00;23:00;01-04-25;15-04-25;"precio es obligatorio y viene nulo."
"Santa Cruz";"Ramon Sanfurgo 800";"Santa Cruz";mesa8_restaurant2;restaurant;4;;;mesa_hora;sabado;10:00;23:00;31-12-24;30-01-25;"precio es obligatorio y viene nulo."
"Santa Cruz";"Ramon Sanfurgo 800";"Santa Cruz";linea4_piscina2;piscina;1;"nueve mil";36;linea_hora;domingo;11:00;12:00;2024-06;30-07-24;"precio debe ser un numero."
"Santiago Centro";"Av Alameda 900";Santiago;mesa1_restaurant1;restaurant;4;;;mesa_hora;martes;10:00;23:00;20-01-24;19-04-24;"precio es obligatorio y viene nulo."
"Santiago Centro";"Av Alameda 900";Santiago;mesa2_restaurant1;restaurant;4;;;mesa_hora;miercoles;10:00;23:00;17-10-24;16-12-24;"precio es obligatorio y viene nulo."
"Santiago Centro";"Av Alameda 900";Santiago;mesa3_restaurant1;restaurant;4;;;mesa_hora;domingo;10:00;23:00;01-03-24;30-04-24;"precio es obligatorio y viene nulo."
"Santiago Centro";"Av Alameda 900";Santiago;mesa4_restaurant1;restaurant;4;;;mesa_hora;sabado;10:00;23:00;20-08-25;19-09-25;"precio es obligatorio y viene nulo."
"Santiago Centro";"Av Alameda 900";Santiago;mesa5_restaurant1;restaurant;4;;;mesa_hora;sabado;10:00;23:00;17-11-25;17-12-25;"precio es obligatorio y viene nulo."
"Santiago Centro";"Av Alameda 900";Santiago;mesa6_restaurant1;restaurant;4;;;mesa_hora;viernes;10:00;23:00;16-11-25;16-12-25;"precio es obligatorio y viene nulo."
"Santiago Centro";"Av Alameda 900";Santiago;mesa7_restaurant1;restaurant;4;;;mesa_hora;martes;10:00;23:00;05-10-25;04-11-25;"precio es obligatorio y viene nulo."
"Santiago Centro";"Av Alameda 900";Santiago;mesa8_restaurant1;restaurant;4;;;mesa_hora;sabado;10:00;23:00;08-05-24;07-06-24;"precio es obligatorio y viene nulo."
"Santiago Centro";"Av Alameda 900";Santiago;mesa1_restaurant2;restaurant;4;;;mesa_hora;viernes;10:00;23:00;23-04-24;22-06-24;"precio es obligatorio y viene nulo."
"Santiago Centro";"Av Alameda 900";Santiago;mesa2_restaurant2;restaurant;4;;;mesa_hora;domingo;10:00;23:00;11-03-24;25-03-24;"precio es obligatorio y viene nulo."
"Santiago Centro";"Av Alameda 900";Santiago;mesa3_restaurant2;restaurant;4;;;mesa_hora;miercoles;10:00;23:00;17-01-24;31-01-24;"precio es obligatorio y viene nulo."
"Santiago Centro";"Av Alameda 900";Santiago;mesa4_restaurant2;restaurant;4;;;mesa_hora;lunes;10:00;23:00;04-12-24;03-01-25;"precio es obligatorio y viene nulo."
"Santiago Centro";"Av Alameda 900";Santiago;mesa5_restaurant2;restaurant;4;;;mesa_hora;miercoles;10:00;23:00;09-03-24;07-06-24;"precio es obligatorio y viene nulo."
"Santiago Centro";"Av Alameda 900";Santiago;mesa6_restaurant2;restaurant;4;;;mesa_hora;jueves;10:00;23:00;16-07-24;14-09-24;"precio es obligatorio y viene nulo."
"Santiago Centro";"Av Alameda 900";Santiago;mesa7_restaurant2;restaurant;4;;;mesa_hora;viernes;10:00;23:00;10-07-25;24-07-25;"precio es obligatorio y viene nulo."
"Santiago Centro";"Av Alameda 900";Santiago;mesa8_restaurant2;restaurant;4;;;mesa_hora;martes;10:00;23:00;02-08-24;31-10-24;"precio es obligatorio y viene nulo."
"Santiago Centro";"Av Alameda 900";Santiago;Cabana15;cabana;4;"nueve mil";;dia;lunes;00:00;23:59;2025-09;01-10-25;"precio debe ser un numero."
"Santiago Centro";"Av Alameda 900";Santiago;Cabana19;cabana;4;"nueve mil";66;dia;sabado;00:00;23:59;28-09-24;27-12-24;"precio debe ser un numero."
Providencia;"Av Pedro de Valdivia 2100";Providencia;mesa1_restaurant1;restaurant;4;;;mesa_hora;lunes;10:00;23:00;02-02-25;04-03-25;"precio es obligatorio y viene nulo."
Providencia;"Av Pedro de Valdivia 2100";Providencia;mesa2_restaurant1;restaurant;4;;;mesa_hora;martes;10:00;23:00;04-05-24;18-05-24;"precio es obligatorio y viene nulo."
Providencia;"Av Pedro de Valdivia 2100";Providencia;mesa3_restaurant1;restaurant;4;;;mesa_hora;martes;10:00;23:00;2025-07;31-07-25;"precio es obligatorio y viene nulo."
Providencia;"Av Pedro de Valdivia 2100";Providencia;mesa4_restaurant1;restaurant;4;;;mesa_hora;viernes;10:00;23:00;06-09-24;06-10-24;"precio es obligatorio y viene nulo."
Providencia;"Av Pedro de Valdivia 2100";Providencia;mesa5_restaurant1;restaurant;4;;;mesa_hora;viernes;10:00;23:00;19-05-24;26-05-24;"precio es obligatorio y viene nulo."
Providencia;"Av Pedro de Valdivia 2100";Providencia;mesa6_restaurant1;restaurant;4;;;mesa_hora;viernes;10:00;23:00;03-05-24;01-08-24;"precio es obligatorio y viene nulo."
Providencia;"Av Pedro de Valdivia 2100";Providencia;mesa7_restaurant1;restaurant;4;;;mesa_hora;sabado;10:00;23:00;01-02-24;02-03-24;"precio es obligatorio y viene nulo."
Providencia;"Av Pedro de Valdivia 2100";Providencia;mesa8_restaurant1;restaurant;4;;;mesa_hora;lunes;10:00;23:00;12-01-24;11-02-24;"precio es obligatorio y viene nulo."
Providencia;"Av Pedro de Valdivia 2100";Providencia;mesa1_restaurant2;restaurant;4;;;mesa_hora;martes;10:00;23:00;23-09-24;22-12-24;"precio es obligatorio y viene nulo."
Providencia;"Av Pedro de Valdivia 2100";Providencia;mesa2_restaurant2;restaurant;4;;;mesa_hora;viernes;10:00;23:00;09-11-24;08-01-25;"precio es obligatorio y viene nulo."
Providencia;"Av Pedro de Valdivia 2100";Providencia;mesa3_restaurant2;restaurant;4;;;mesa_hora;jueves;10:00;23:00;13-06-25;27-06-25;"precio es obligatorio y viene nulo."
Providencia;"Av Pedro de Valdivia 2100";Providencia;mesa4_restaurant2;restaurant;4;;;mesa_hora;domingo;10:00;23:00;19-05-24;18-06-24;"precio es obligatorio y viene nulo."
Providencia;"Av Pedro de Valdivia 2100";Providencia;mesa5_restaurant2;restaurant;4;;;mesa_hora;lunes;10:00;23:00;25-05-25;24-07-25;"precio es obligatorio y viene nulo."
Providencia;"Av Pedro de Valdivia 2100";Providencia;mesa6_restaurant2;restaurant;4;;;mesa_hora;sabado;10:00;23:00;16-04-24;30-04-24;"precio es obligatorio y viene nulo."
Providencia;"Av Pedro de Valdivia 2100";Providencia;mesa7_restaurant2;restaurant;4;;;mesa_hora;lunes;10:00;23:00;22-09-24;21-11-24;"precio es obligatorio y viene nulo."
Providencia;"Av Pedro de Valdivia 2100";Providencia;mesa8_restaurant2;restaurant;4;;;mesa_hora;miercoles;10:00;23:00;06-04-24;13-04-24;"precio es obligatorio y viene nulo."
Providencia;"Av Pedro de Valdivia 2100";Providencia;linea5_piscina1;piscina;1;"nueve mil";64;linea_hora;jueves;14:00;15:00;2024-10;05-11-24;"precio debe ser un numero."
Providencia;"Av Pedro de Valdivia 2100";Providencia;linea6_piscina2;piscina;1;"nueve mil";21;linea_hora;martes;18:00;19:00;24-03-24;22-06-24;"precio debe ser un numero."
Providencia;"Av Pedro de Valdivia 2100";Providencia;Cabana1;cabana;5;"nueve mil";20;dia;lunes;00:00;23:59;22-11-25;06-12-25;"precio debe ser un numero."
Providencia;"Av Pedro de Valdivia 2100";Providencia;Cabana8;cabana;6;"nueve mil";;dia;jueves;00:00;23:59;17-04-24;17-05-24;"precio debe ser un numero."
"La Florida";"Av. Vicua Mackenna 10777";"La Florida";mesa1_restaurant1;restaurant;4;;;mesa_hora;lunes;10:00;23:00;07-07-24;05-09-24;"precio es obligatorio y viene nulo."
"La Florida";"Av. Vicua Mackenna 10777";"La Florida";mesa2_restaurant1;restaurant;4;;;mesa_hora;martes;10:00;23:00;19-07-25;17-10-25;"precio es obligatorio y viene nulo."
"La Florida";"Av. Vicua Mackenna 10777";"La Florida";mesa3_restaurant1;restaurant;4;;;mesa_hora;jueves;10:00;23:00;08-12-24;08-03-25;"precio es obligatorio y viene nulo."
"La Florida";"Av. Vicua Mackenna 10777";"La Florida";mesa4_restaurant1;restaurant;4;;;mesa_hora;domingo;10:00;23:00;08-10-24;15-10-24;"precio es obligatorio y viene nulo."
"La Florida";"Av. Vicua Mackenna 10777";"La Florida";mesa5_restaurant1;restaurant;4;;;mesa_hora;sabado;10:00;23:00;2025-07;13-08-25;"precio es obligatorio y viene nulo."
"La Florida";"Av. Vicua Mackenna 10777";"La Florida";mesa6_restaurant1;restaurant;4;;;mesa_hora;domingo;10:00;23:00;10-01-25;24-01-25;"precio es obligatorio y viene nulo."
"La Florida";"Av. Vicua Mackenna 10777";"La Florida";mesa7_restaurant1;restaurant;4;;;mesa_hora;jueves;10:00;23:00;03-12-24;10-12-24;"precio es obligatorio y viene nulo."
"La Florida";"Av. Vicua Mackenna 10777";"La Florida";mesa8_restaurant1;restaurant;4;;;mesa_hora;martes;10:00;23:00;03-03-24;17-03-24;"precio es obligatorio y viene nulo."
"La Florida";"Av. Vicua Mackenna 10777";"La Florida";mesa1_restaurant2;restaurant;4;;;mesa_hora;domingo;10:00;23:00;13-06-24;27-06-24;"precio es obligatorio y viene nulo."
"La Florida";"Av. Vicua Mackenna 10777";"La Florida";mesa2_restaurant2;restaurant;4;;;mesa_hora;sabado;10:00;23:00;03-08-24;02-09-24;"precio es obligatorio y viene nulo."
"La Florida";"Av. Vicua Mackenna 10777";"La Florida";mesa3_restaurant2;restaurant;4;;;mesa_hora;miercoles;10:00;23:00;15-04-24;29-04-24;"precio es obligatorio y viene nulo."
"La Florida";"Av. Vicua Mackenna 10777";"La Florida";mesa4_restaurant2;restaurant;4;;;mesa_hora;martes;10:00;23:00;08-11-24;22-11-24;"precio es obligatorio y viene nulo."
"La Florida";"Av. Vicua Mackenna 10777";"La Florida";mesa5_restaurant2;restaurant;4;;;mesa_hora;lunes;10:00;23:00;23-01-25;23-04-25;"precio es obligatorio y viene nulo."
"La Florida";"Av. Vicua Mackenna 10777";"La Florida";mesa6_restaurant2;restaurant;4;;;mesa_hora;martes;10:00;23:00;24-01-25;23-02-25;"precio es obligatorio y viene nulo."
"La Florida";"Av. Vicua Mackenna 10777";"La Florida";mesa7_restaurant2;restaurant;4;;;mesa_hora;jueves;10:00;23:00;20-05-25;19-06-25;"precio es obligatorio y viene nulo."
"La Florida";"Av. Vicua Mackenna 10777";"La Florida";mesa8_restaurant2;restaurant;4;"nueve mil";;mesa_hora;sabado;10:00;23:00;21-04-25;05-05-25;"precio debe ser un numero."
"La Florida";"Av. Vicua Mackenna 10777";"La Florida";linea1_piscina2;piscina;1;"nueve mil";;linea_hora;miercoles;12:00;13:00;08-10-24;06-01-25;"precio debe ser un numero."
"La Florida";"Av. Vicua Mackenna 10777";"La Florida";Cancha_tenis_aire_libre;cancha_aire_libre;11;"nueve mil";;hora;domingo;16:00;17:00;07-10-24;06-12-24;"precio debe ser un numero."
"Santa Cruz";"Ramon Sanfurgo 800";"Santa Cruz";mesa1_restaurant1;restaurant;4;;;mesa_hora;viernes;10:00;23:00;24-09-24;08-10-24;"precio es obligatorio y viene nulo."
"Santa Cruz";"Ramon Sanfurgo 800";"Santa Cruz";mesa2_restaurant1;restaurant;4;;;mesa_hora;sabado;10:00;23:00;10-02-24;24-02-24;"precio es obligatorio y viene nulo."
"Santa Cruz";"Ramon Sanfurgo 800";"Santa Cruz";mesa3_restaurant1;restaurant;4;;;mesa_hora;miercoles;10:00;23:00;12-02-24;13-03-24;"precio es obligatorio y viene nulo."
"Santa Cruz";"Ramon Sanfurgo 800";"Santa Cruz";mesa4_restaurant1;restaurant;4;;;mesa_hora;sabado;10:00;23:00;05-05-25;12-05-25;"precio es obligatorio y viene nulo."
"Santa Cruz";"Ramon Sanfurgo 800";"Santa Cruz";mesa5_restaurant1;restaurant;4;;;mesa_hora;miercoles;10:00;23:00;29-02-24;30-03-24;"precio es obligatorio y viene nulo."
"Santa Cruz";"Ramon Sanfurgo 800";"Santa Cruz";mesa6_restaurant1;restaurant;4;;;mesa_hora;viernes;10:00;23:00;18-11-25;17-01-26;"precio es obligatorio y viene nulo."
"Santa Cruz";"Ramon Sanfurgo 800";"Santa Cruz";mesa7_restaurant1;restaurant;4;;;mesa_hora;miercoles;10:00;23:00;04-08-25;03-09-25;"precio es obligatorio y viene nulo."
"Santa Cruz";"Ramon Sanfurgo 800";"Santa Cruz";mesa8_restaurant1;restaurant;4;;;mesa_hora;lunes;10:00;23:00;03-09-24;02-11-24;"precio es obligatorio y viene nulo."
"Santa Cruz";"Ramon Sanfurgo 800";"Santa Cruz";mesa1_restaurant2;restaurant;4;;;mesa_hora;lunes;10:00;23:00;29-08-24;12-09-24;"precio es obligatorio y viene nulo."
"Santa Cruz";"Ramon Sanfurgo 800";"Santa Cruz";mesa2_restaurant2;restaurant;4;"nueve mil";;mesa_hora;lunes;10:00;23:00;07-04-24;21-04-24;"precio debe ser un numero."
"Santa Cruz";"Ramon Sanfurgo 800";"Santa Cruz";mesa3_restaurant2;restaurant;4;;;mesa_hora;domingo;10:00;23:00;13-01-24;20-01-24;"precio es obligatorio y viene nulo."
"Santa Cruz";"Ramon Sanfurgo 800";"Santa Cruz";mesa4_restaurant2;restaurant;4;;;mesa_hora;sabado;10:00;23:00;24-01-24;23-04-24;"precio es obligatorio y viene nulo."
"Santa Cruz";"Ramon Sanfurgo 800";"Santa Cruz";mesa5_restaurant2;restaurant;4;;;mesa_hora;domingo;10:00;23:00;09-11-24;09-12-24;"precio es obligatorio y viene nulo."
"Santa Cruz";"Ramon Sanfurgo 800";"Santa Cruz";mesa6_restaurant2;restaurant;4;;;mesa_hora;lunes;10:00;23:00;03-06-25;01-09-25;"precio es obligatorio y viene nulo."
"Santa Cruz";"Ramon Sanfurgo 800";"Santa Cruz";mesa7_restaurant2;restaurant;4;;;mesa_hora;domingo;10:00;23:00;16-10-24;15-12-24;"precio es obligatorio y viene nulo."
"Santa Cruz";"Ramon Sanfurgo 800";"Santa Cruz";mesa8_restaurant2;restaurant;4;;;mesa_hora;jueves;10:00;23:00;16-05-25;15-06-25;"precio es obligatorio y viene nulo."
"Santa Cruz";"Ramon Sanfurgo 800";"Santa Cruz";Cabana6;cabana;6;"nueve mil";47;dia;viernes;00:00;23:59;2025-03;14-05-25;"precio debe ser un numero."
"Santa Cruz";"Ramon Sanfurgo 800";"Santa Cruz";Cabana11;cabana;5;"nueve mil";26;dia;domingo;00:00;23:59;2024-03;30-04-24;"precio debe ser un numero."
"Santa Cruz";"Ramon Sanfurgo 800";"Santa Cruz";Cancha_padel_aire_libre;cancha_aire_libre;15;"nueve mil";;hora;sabado;10:00;11:00;2024-12;03-01-25;"precio debe ser un numero."
"Santiago Centro";"Av Alameda 900";Santiago;mesa1_restaurant1;restaurant;4;;;mesa_hora;jueves;10:00;23:00;13-11-24;20-11-24;"precio es obligatorio y viene nulo."
"Santiago Centro";"Av Alameda 900";Santiago;mesa2_restaurant1;restaurant;4;;;mesa_hora;miercoles;10:00;23:00;19-04-25;18-07-25;"precio es obligatorio y viene nulo."
"Santiago Centro";"Av Alameda 900";Santiago;mesa3_restaurant1;restaurant;4;;;mesa_hora;domingo;10:00;23:00;29-06-24;28-08-24;"precio es obligatorio y viene nulo."
"Santiago Centro";"Av Alameda 900";Santiago;mesa4_restaurant1;restaurant;4;;;mesa_hora;domingo;10:00;23:00;04-11-25;02-02-26;"precio es obligatorio y viene nulo."
"Santiago Centro";"Av Alameda 900";Santiago;mesa5_restaurant1;restaurant;4;;;mesa_hora;jueves;10:00;23:00;08-12-24;08-03-25;"precio es obligatorio y viene nulo."
"Santiago Centro";"Av Alameda 900";Santiago;mesa6_restaurant1;restaurant;4;;;mesa_hora;lunes;10:00;23:00;01-11-24;01-12-24;"precio es obligatorio y viene nulo."
"Santiago Centro";"Av Alameda 900";Santiago;mesa7_restaurant1;restaurant;4;;;mesa_hora;martes;10:00;23:00;27-03-25;25-06-25;"precio es obligatorio y viene nulo."
"Santiago Centro";"Av Alameda 900";Santiago;mesa8_restaurant1;restaurant;4;;;mesa_hora;sabado;10:00;23:00;06-12-24;13-12-24;"precio es obligatorio y viene nulo."
"Santiago Centro";"Av Alameda 900";Santiago;mesa1_restaurant2;restaurant;4;;;mesa_hora;domingo;10:00;23:00;14-08-24;13-10-24;"precio es obligatorio y viene nulo."
"Santiago Centro";"Av Alameda 900";Santiago;mesa2_restaurant2;restaurant;4;;;mesa_hora;martes;10:00;23:00;18-04-25;18-05-25;"precio es obligatorio y viene nulo."
"Santiago Centro";"Av Alameda 900";Santiago;mesa3_restaurant2;restaurant;4;;;mesa_hora;martes;10:00;23:00;08-06-25;06-09-25;"precio es obligatorio y viene nulo."
"Santiago Centro";"Av Alameda 900";Santiago;mesa4_restaurant2;restaurant;4;;;mesa_hora;viernes;10:00;23:00;16-06-25;16-07-25;"precio es obligatorio y viene nulo."
"Santiago Centro";"Av Alameda 900";Santiago;mesa5_restaurant2;restaurant;4;;;mesa_hora;lunes;10:00;23:00;22-02-25;23-04-25;"precio es obligatorio y viene nulo."
"Santiago Centro";"Av Alameda 900";Santiago;mesa6_restaurant2;restaurant;4;;;mesa_hora;jueves;10:00;23:00;07-04-24;14-04-24;"precio es obligatorio y viene nulo."
"Santiago Centro";"Av Alameda 900";Santiago;mesa7_restaurant2;restaurant;4;;;mesa_hora;jueves;10:00;23:00;28-01-24;27-04-24;"precio es obligatorio y viene nulo."
"Santiago Centro";"Av Alameda 900";Santiago;mesa8_restaurant2;restaurant;4;;;mesa_hora;sabado;10:00;23:00;29-01-25;05-02-25;"precio es obligatorio y viene nulo."
"Santiago Centro";"Av Alameda 900";Santiago;linea7_piscina2;piscina;1;"nueve mil";35;linea_hora;martes;14:00;15:00;27-02-25;28-05-25;"precio debe ser un numero."
"Santiago Centro";"Av Alameda 900";Santiago;Cancha_futbolito_aire_libre;cancha_aire_libre;21;"nueve mil";25;hora;domingo;19:00;20:00;2024-01;12-02-24;"precio debe ser un numero."
Providencia;"Av Pedro de Valdivia 2100";Providencia;mesa1_restaurant1;restaurant;4;;;mesa_hora;viernes;10:00;23:00;14-10-24;13-11-24;"precio es obligatorio y viene nulo."
Providencia;"Av Pedro de Valdivia 2100";Providencia;mesa2_restaurant1;restaurant;4;"nueve mil";;mesa_hora;martes;10:00;23:00;15-10-25;14-11-25;"precio debe ser un numero."
Providencia;"Av Pedro de Valdivia 2100";Providencia;mesa3_restaurant1;restaurant;4;"nueve mil";;mesa_hora;viernes;10:00;23:00;2024-11;02-12-24;"precio debe ser un numero."
Providencia;"Av Pedro de Valdivia 2100";Providencia;mesa4_restaurant1;restaurant;4;;;mesa_hora;sabado;10:00;23:00;27-10-25;03-11-25;"precio es obligatorio y viene nulo."
Providencia;"Av Pedro de Valdivia 2100";Providencia;mesa5_restaurant1;restaurant;4;;;mesa_hora;domingo;10:00;23:00;08-10-25;15-10-25;"precio es obligatorio y viene nulo."
Providencia;"Av Pedro de Valdivia 2100";Providencia;mesa6_restaurant1;restaurant;4;"nueve mil";;mesa_hora;domingo;10:00;23:00;2024-03;10-03-24;"precio debe ser un numero."
Providencia;"Av Pedro de Valdivia 2100";Providencia;mesa7_restaurant1;restaurant;4;;;mesa_hora;lunes;10:00;23:00;27-03-24;10-04-24;"precio es obligatorio y viene nulo."
Providencia;"Av Pedro de Valdivia 2100";Providencia;mesa8_restaurant1;restaurant;4;;;mesa_hora;miercoles;10:00;23:00;28-08-25;27-10-25;"precio es obligatorio y viene nulo."
Providencia;"Av Pedro de Valdivia 2100";Providencia;mesa1_restaurant2;restaurant;4;;;mesa_hora;miercoles;10:00;23:00;06-11-25;05-01-26;"precio es obligatorio y viene nulo."
Providencia;"Av Pedro de Valdivia 2100";Providencia;mesa2_restaurant2;restaurant;4;;;mesa_hora;lunes;10:00;23:00;28-05-25;27-07-25;"precio es obligatorio y viene nulo."
Providencia;"Av Pedro de Valdivia 2100";Providencia;mesa3_restaurant2;restaurant;4;;;mesa_hora;martes;10:00;23:00;16-09-25;23-09-25;"precio es obligatorio y viene nulo."
Providencia;"Av Pedro de Valdivia 2100";Providencia;mesa4_restaurant2;restaurant;4;;;mesa_hora;domingo;10:00;23:00;24-04-25;23-06-25;"precio es obligatorio y viene nulo."
Providencia;"Av Pedro de Valdivia 2100";Providencia;mesa5_restaurant2;restaurant;4;;;mesa_hora;jueves;10:00;23:00;16-12-24;15-01-25;"precio es obligatorio y viene nulo."
Providencia;"Av Pedro de Valdivia 2100";Providencia;mesa6_restaurant2;restaurant;4;;;mesa_hora;lunes;10:00;23:00;17-07-25;15-09-25;"precio es obligatorio y viene nulo."
Providencia;"Av Pedro de Valdivia 2100";Providencia;mesa7_restaurant2;restaurant;4;;;mesa_hora;jueves;10:00;23:00;02-07-24;09-07-24;"precio es obligatorio y viene nulo."
Providencia;"Av Pedro de Valdivia 2100";Providencia;mesa8_restaurant2;restaurant;4;;;mesa_hora;viernes;10:00;23:00;20-12-24;19-01-25;"precio es obligatorio y viene nulo."
Providencia;"Av Pedro de Valdivia 2100";Providencia;Cabana17;cabana;5;"nueve mil";;dia;viernes;00:00;23:59;26-04-24;25-07-24;"precio debe ser un numero."
"La Florida";"Av. Vicua Mackenna 10777";"La Florida";mesa1_restaurant1;restaurant;4;"nueve mil";;mesa_hora;sabado;10:00;23:00;2024-01;24-01-24;"precio debe ser un numero."
"La Florida";"Av. Vicua Mackenna 10777";"La Florida";mesa2_restaurant1;restaurant;4;;;mesa_hora;jueves;10:00;23:00;01-03-25;31-03-25;"precio es obligatorio y viene nulo."
"La Florida";"Av. Vicua Mackenna 10777";"La Florida";mesa3_restaurant1;restaurant;4;;;mesa_hora;lunes;10:00;23:00;20-06-25;27-06-25;"precio es obligatorio y viene nulo."
"La Florida";"Av. Vicua Mackenna 10777";"La Florida";mesa4_restaurant1;restaurant;4;;;mesa_hora;viernes;10:00;23:00;29-03-24;27-06-24;"precio es obligatorio y viene nulo."
"La Florida";"Av. Vicua Mackenna 10777";"La Florida";mesa5_restaurant1;restaurant;4;;;mesa_hora;jueves;10:00;23:00;20-10-24;18-01-25;"precio es obligatorio y viene nulo."
"La Florida";"Av. Vicua Mackenna 10777";"La Florida";mesa6_restaurant1;restaurant;4;;;mesa_hora;sabado;10:00;23:00;27-02-25;28-04-25;"precio es obligatorio y viene nulo."
"La Florida";"Av. Vicua Mackenna 10777";"La Florida";mesa7_restaurant1;restaurant;4;;;mesa_hora;domingo;10:00;23:00;25-06-24;09-07-24;"precio es obligatorio y viene nulo."
"La Florida";"Av. Vicua Mackenna 10777";"La Florida";mesa8_restaurant1;restaurant;4;;;mesa_hora;jueves;10:00;23:00;12-11-25;26-11-25;"precio es obligatorio y viene nulo."
"La Florida";"Av. Vicua Mackenna 10777";"La Florida";mesa1_restaurant2;restaurant;4;;;mesa_hora;domingo;10:00;23:00;08-07-24;07-08-24;"precio es obligatorio y viene nulo."
"La Florida";"Av. Vicua Mackenna 10777";"La Florida";mesa2_restaurant2;restaurant;4;;;mesa_hora;lunes;10:00;23:00;08-03-25;07-04-25;"precio es obligatorio y viene nulo."
"La Florida";"Av. Vicua Mackenna 10777";"La Florida";mesa3_restaurant2;restaurant;4;;;mesa_hora;miercoles;10:00;23:00;11-10-24;10-11-24;"precio es obligatorio y viene nulo."
"La Florida";"Av. Vicua Mackenna 10777";"La Florida";mesa4_restaurant2;restaurant;4;;;mesa_hora;miercoles;10:00;23:00;27-12-24;26-01-25;"precio es obligatorio y viene nulo."
"La Florida";"Av. Vicua Mackenna 10777";"La Florida";mesa5_restaurant2;restaurant;4;;;mesa_hora;lunes;10:00;23:00;14-11-24;12-02-25;"precio es obligatorio y viene nulo."
"La Florida";"Av. Vicua Mackenna 10777";"La Florida";mesa6_restaurant2;restaurant;4;;;mesa_hora;lunes;10:00;23:00;21-01-25;20-02-25;"precio es obligatorio y viene nulo."
"La Florida";"Av. Vicua Mackenna 10777";"La Florida";mesa7_restaurant2;restaurant;4;;;mesa_hora;jueves;10:00;23:00;17-01-25;16-02-25;"precio es obligatorio y viene nulo."
"La Florida";"Av. Vicua Mackenna 10777";"La Florida";mesa8_restaurant2;restaurant;4;;;mesa_hora;sabado;10:00;23:00;04-01-24;03-04-24;"precio es obligatorio y viene nulo."
"La Florida";"Av. Vicua Mackenna 10777";"La Florida";SalonEventos1;salon_eventos;168;"nueve mil";68;dia;sabado;00:00;23:59;2025-03;18-03-25;"precio debe ser un numero."
"Santa Cruz";"Ramon Sanfurgo 800";"Santa Cruz";mesa1_restaurant1;restaurant;4;;;mesa_hora;miercoles;10:00;23:00;20-08-24;27-08-24;"precio es obligatorio y viene nulo."
"Santa Cruz";"Ramon Sanfurgo 800";"Santa Cruz";mesa2_restaurant1;restaurant;4;;;mesa_hora;jueves;10:00;23:00;11-05-24;18-05-24;"precio es obligatorio y viene nulo."
"Santa Cruz";"Ramon Sanfurgo 800";"Santa Cruz";mesa3_restaurant1;restaurant;4;;;mesa_hora;jueves;10:00;23:00;05-09-24;04-12-24;"precio es obligatorio y viene nulo."
"Santa Cruz";"Ramon Sanfurgo 800";"Santa Cruz";mesa4_restaurant1;restaurant;4;;;mesa_hora;martes;10:00;23:00;29-05-24;05-06-24;"precio es obligatorio y viene nulo."
"Santa Cruz";"Ramon Sanfurgo 800";"Santa Cruz";mesa5_restaurant1;restaurant;4;;;mesa_hora;miercoles;10:00;23:00;01-08-25;15-08-25;"precio es obligatorio y viene nulo."
"Santa Cruz";"Ramon Sanfurgo 800";"Santa Cruz";mesa6_restaurant1;restaurant;4;;;mesa_hora;sabado;10:00;23:00;19-05-25;02-06-25;"precio es obligatorio y viene nulo."
"Santa Cruz";"Ramon Sanfurgo 800";"Santa Cruz";mesa7_restaurant1;restaurant;4;;;mesa_hora;viernes;10:00;23:00;04-03-25;03-05-25;"precio es obligatorio y viene nulo."
"Santa Cruz";"Ramon Sanfurgo 800";"Santa Cruz";mesa8_restaurant1;restaurant;4;;;mesa_hora;domingo;10:00;23:00;15-08-25;14-09-25;"precio es obligatorio y viene nulo."
"Santa Cruz";"Ramon Sanfurgo 800";"Santa Cruz";mesa1_restaurant2;restaurant;4;;;mesa_hora;miercoles;10:00;23:00;19-02-25;21-03-25;"precio es obligatorio y viene nulo."
"Santa Cruz";"Ramon Sanfurgo 800";"Santa Cruz";mesa2_restaurant2;restaurant;4;;;mesa_hora;viernes;10:00;23:00;24-10-24;31-10-24;"precio es obligatorio y viene nulo."
"Santa Cruz";"Ramon Sanfurgo 800";"Santa Cruz";mesa3_restaurant2;restaurant;4;;;mesa_hora;sabado;10:00;23:00;25-12-24;01-01-25;"precio es obligatorio y viene nulo."
"Santa Cruz";"Ramon Sanfurgo 800";"Santa Cruz";mesa4_restaurant2;restaurant;4;;;mesa_hora;sabado;10:00;23:00;27-05-25;25-08-25;"precio es obligatorio y viene nulo."
"Santa Cruz";"Ramon Sanfurgo 800";"Santa Cruz";mesa5_restaurant2;restaurant;4;;;mesa_hora;miercoles;10:00;23:00;04-10-25;18-10-25;"precio es obligatorio y viene nulo."
"Santa Cruz";"Ramon Sanfurgo 800";"Santa Cruz";mesa6_restaurant2;restaurant;4;;;mesa_hora;martes;10:00;23:00;02-08-24;16-08-24;"precio es obligatorio y viene nulo."
"Santa Cruz";"Ramon Sanfurgo 800";"Santa Cruz";mesa7_restaurant2;restaurant;4;;;mesa_hora;lunes;10:00;23:00;19-02-25;20-05-25;"precio es obligatorio y viene nulo."
"Santa Cruz";"Ramon Sanfurgo 800";"Santa Cruz";mesa8_restaurant2;restaurant;4;;;mesa_hora;sabado;10:00;23:00;06-03-24;05-05-24;"precio es obligatorio y viene nulo."
"Santa Cruz";"Ramon Sanfurgo 800";"Santa Cruz";linea3_piscina1;piscina;1;"nueve mil";;linea_hora;miercoles;18:00;19:00;22-03-25;20-06-25;"precio debe ser un numero."
"Santa Cruz";"Ramon Sanfurgo 800";"Santa Cruz";Cabana6;cabana;4;"nueve mil";1;dia;miercoles;00:00;23:59;2024-04;11-07-24;"precio debe ser un numero."
"Santiago Centro";"Av Alameda 900";Santiago;mesa1_restaurant1;restaurant;4;xxx;;mesa_hora;miercoles;10:00;23:00;2025-10;17-01-26;"precio debe ser un numero."
"Santiago Centro";"Av Alameda 900";Santiago;mesa2_restaurant1;restaurant;4;;;mesa_hora;martes;10:00;23:00;21-12-24;20-01-25;"precio es obligatorio y viene nulo."
"Santiago Centro";"Av Alameda 900";Santiago;mesa3_restaurant1;restaurant;4;;;mesa_hora;martes;10:00;23:00;25-03-25;23-06-25;"precio es obligatorio y viene nulo."
"Santiago Centro";"Av Alameda 900";Santiago;mesa4_restaurant1;restaurant;4;;;mesa_hora;jueves;10:00;23:00;15-01-25;14-02-25;"precio es obligatorio y viene nulo."
"Santiago Centro";"Av Alameda 900";Santiago;mesa5_restaurant1;restaurant;4;;;mesa_hora;domingo;10:00;23:00;22-08-24;21-09-24;"precio es obligatorio y viene nulo."
"Santiago Centro";"Av Alameda 900";Santiago;mesa6_restaurant1;restaurant;4;;;mesa_hora;jueves;10:00;23:00;15-04-25;14-07-25;"precio es obligatorio y viene nulo."
"Santiago Centro";"Av Alameda 900";Santiago;mesa7_restaurant1;restaurant;4;;;mesa_hora;jueves;10:00;23:00;23-01-24;23-03-24;"precio es obligatorio y viene nulo."
"Santiago Centro";"Av Alameda 900";Santiago;mesa8_restaurant1;restaurant;4;;;mesa_hora;jueves;10:00;23:00;01-08-24;31-08-24;"precio es obligatorio y viene nulo."
"Santiago Centro";"Av Alameda 900";Santiago;mesa1_restaurant2;restaurant;4;;;mesa_hora;domingo;10:00;23:00;04-10-24;03-11-24;"precio es obligatorio y viene nulo."
"Santiago Centro";"Av Alameda 900";Santiago;mesa2_restaurant2;restaurant;4;;;mesa_hora;sabado;10:00;23:00;12-03-25;11-05-25;"precio es obligatorio y viene nulo."
"Santiago Centro";"Av Alameda 900";Santiago;mesa3_restaurant2;restaurant;4;;;mesa_hora;domingo;10:00;23:00;23-04-25;22-06-25;"precio es obligatorio y viene nulo."
"Santiago Centro";"Av Alameda 900";Santiago;mesa4_restaurant2;restaurant;4;;;mesa_hora;viernes;10:00;23:00;06-07-25;05-08-25;"precio es obligatorio y viene nulo."
"Santiago Centro";"Av Alameda 900";Santiago;mesa5_restaurant2;restaurant;4;;;mesa_hora;domingo;10:00;23:00;24-07-24;23-08-24;"precio es obligatorio y viene nulo."
"Santiago Centro";"Av Alameda 900";Santiago;mesa6_restaurant2;restaurant;4;;;mesa_hora;martes;10:00;23:00;13-12-24;27-12-24;"precio es obligatorio y viene nulo."
"Santiago Centro";"Av Alameda 900";Santiago;mesa7_restaurant2;restaurant;4;;;mesa_hora;domingo;10:00;23:00;24-10-24;23-12-24;"precio es obligatorio y viene nulo."
"Santiago Centro";"Av Alameda 900";Santiago;mesa8_restaurant2;restaurant;4;;;mesa_hora;miercoles;10:00;23:00;06-04-24;05-06-24;"precio es obligatorio y viene nulo."
"Santiago Centro";"Av Alameda 900";Santiago;Cabana6;cabana;6;"nueve mil";;dia;lunes;00:00;23:59;23-01-24;22-02-24;"precio debe ser un numero."
"Santiago Centro";"Av Alameda 900";Santiago;Cabana13;cabana;7;"nueve mil";;dia;viernes;00:00;23:59;2024-07;06-08-24;"precio debe ser un numero."
"Santiago Centro";"Av Alameda 900";Santiago;Cancha_padel_techada;cancha_techada;22;"nueve mil";11;hora;viernes;18:00;19:00;2024-01;09-01-24;"precio debe ser un numero."
Providencia;"Av Pedro de Valdivia 2100";Providencia;mesa1_restaurant1;restaurant;4;;;mesa_hora;jueves;10:00;23:00;28-02-24;29-03-24;"precio es obligatorio y viene nulo."
Providencia;"Av Pedro de Valdivia 2100";Providencia;mesa2_restaurant1;restaurant;4;;;mesa_hora;sabado;10:00;23:00;13-10-24;12-11-24;"precio es obligatorio y viene nulo."
Providencia;"Av Pedro de Valdivia 2100";Providencia;mesa3_restaurant1;restaurant;4;;;mesa_hora;sabado;10:00;23:00;27-10-24;26-11-24;"precio es obligatorio y viene nulo."
Providencia;"Av Pedro de Valdivia 2100";Providencia;mesa4_restaurant1;restaurant;4;;;mesa_hora;jueves;10:00;23:00;19-11-24;03-12-24;"precio es obligatorio y viene nulo."
Providencia;"Av Pedro de Valdivia 2100";Providencia;mesa5_restaurant1;restaurant;4;;;mesa_hora;sabado;10:00;23:00;02-07-24;16-07-24;"precio es obligatorio y viene nulo."
Providencia;"Av Pedro de Valdivia 2100";Providencia;mesa6_restaurant1;restaurant;4;;;mesa_hora;domingo;10:00;23:00;17-07-24;16-08-24;"precio es obligatorio y viene nulo."
Providencia;"Av Pedro de Valdivia 2100";Providencia;mesa7_restaurant1;restaurant;4;;;mesa_hora;miercoles;10:00;23:00;22-02-24;23-03-24;"precio es obligatorio y viene nulo."
Providencia;"Av Pedro de Valdivia 2100";Providencia;mesa8_restaurant1;restaurant;4;;;mesa_hora;domingo;10:00;23:00;30-11-25;07-12-25;"precio es obligatorio y viene nulo."
Providencia;"Av Pedro de Valdivia 2100";Providencia;mesa1_restaurant2;restaurant;4;;;mesa_hora;viernes;10:00;23:00;26-02-24;26-04-24;"precio es obligatorio y viene nulo."
Providencia;"Av Pedro de Valdivia 2100";Providencia;mesa2_restaurant2;restaurant;4;;;mesa_hora;viernes;10:00;23:00;2024-09;15-10-24;"precio es obligatorio y viene nulo."
Providencia;"Av Pedro de Valdivia 2100";Providencia;mesa3_restaurant2;restaurant;4;;;mesa_hora;miercoles;10:00;23:00;10-09-25;09-11-25;"precio es obligatorio y viene nulo."
Providencia;"Av Pedro de Valdivia 2100";Providencia;mesa4_restaurant2;restaurant;4;;;mesa_hora;martes;10:00;23:00;10-07-24;17-07-24;"precio es obligatorio y viene nulo."
Providencia;"Av Pedro de Valdivia 2100";Providencia;mesa5_restaurant2;restaurant;4;;;mesa_hora;sabado;10:00;23:00;01-09-24;01-10-24;"precio es obligatorio y viene nulo."
Providencia;"Av Pedro de Valdivia 2100";Providencia;mesa6_restaurant2;restaurant;4;;;mesa_hora;jueves;10:00;23:00;30-08-25;06-09-25;"precio es obligatorio y viene nulo."
Providencia;"Av Pedro de Valdivia 2100";Providencia;mesa7_restaurant2;restaurant;4;;;mesa_hora;sabado;10:00;23:00;30-11-25;07-12-25;"precio es obligatorio y viene nulo."
Providencia;"Av Pedro de Valdivia 2100";Providencia;mesa8_restaurant2;restaurant;4;;;mesa_hora;viernes;10:00;23:00;30-10-25;06-11-25;"precio es obligatorio y viene nulo."
Providencia;"Av Pedro de Valdivia 2100";Providencia;Cabana1;cabana;8;"nueve mil";;dia;domingo;00:00;23:59;22-06-25;29-06-25;"precio debe ser un numero."
Providencia;"Av Pedro de Valdivia 2100";Providencia;Cabana9;cabana;6;"nueve mil";51;dia;martes;00:00;23:59;30-10-25;13-11-25;"precio debe ser un numero."
"La Florida";"Av. Vicua Mackenna 10777";"La Florida";mesa1_restaurant1;restaurant;4;;;mesa_hora;lunes;10:00;23:00;01-07-25;29-09-25;"precio es obligatorio y viene nulo."
"La Florida";"Av. Vicua Mackenna 10777";"La Florida";mesa2_restaurant1;restaurant;4;"nueve mil";;mesa_hora;miercoles;10:00;23:00;2025-05;27-05-25;"precio debe ser un numero."
"La Florida";"Av. Vicua Mackenna 10777";"La Florida";mesa3_restaurant1;restaurant;4;;;mesa_hora;martes;10:00;23:00;05-11-25;19-11-25;"precio es obligatorio y viene nulo."
"La Florida";"Av. Vicua Mackenna 10777";"La Florida";mesa4_restaurant1;restaurant;4;"nueve mil";;mesa_hora;miercoles;10:00;23:00;23-09-25;30-09-25;"precio debe ser un numero."
"La Florida";"Av. Vicua Mackenna 10777";"La Florida";mesa5_restaurant1;restaurant;4;;;mesa_hora;martes;10:00;23:00;17-06-24;16-08-24;"precio es obligatorio y viene nulo."
"La Florida";"Av. Vicua Mackenna 10777";"La Florida";mesa6_restaurant1;restaurant;4;;;mesa_hora;miercoles;10:00;23:00;16-06-25;23-06-25;"precio es obligatorio y viene nulo."
"La Florida";"Av. Vicua Mackenna 10777";"La Florida";mesa7_restaurant1;restaurant;4;;;mesa_hora;martes;10:00;23:00;04-06-24;03-08-24;"precio es obligatorio y viene nulo."
"La Florida";"Av. Vicua Mackenna 10777";"La Florida";mesa8_restaurant1;restaurant;4;;;mesa_hora;miercoles;10:00;23:00;24-12-24;22-02-25;"precio es obligatorio y viene nulo."
"La Florida";"Av. Vicua Mackenna 10777";"La Florida";mesa1_restaurant2;restaurant;4;;;mesa_hora;lunes;10:00;23:00;07-01-25;06-02-25;"precio es obligatorio y viene nulo."
"La Florida";"Av. Vicua Mackenna 10777";"La Florida";mesa2_restaurant2;restaurant;4;;;mesa_hora;viernes;10:00;23:00;10-09-24;09-12-24;"precio es obligatorio y viene nulo."
"La Florida";"Av. Vicua Mackenna 10777";"La Florida";mesa3_restaurant2;restaurant;4;;;mesa_hora;martes;10:00;23:00;25-09-25;24-11-25;"precio es obligatorio y viene nulo."
"La Florida";"Av. Vicua Mackenna 10777";"La Florida";mesa4_restaurant2;restaurant;4;;;mesa_hora;domingo;10:00;23:00;07-09-24;21-09-24;"precio es obligatorio y viene nulo."
"La Florida";"Av. Vicua Mackenna 10777";"La Florida";mesa5_restaurant2;restaurant;4;;;mesa_hora;viernes;10:00;23:00;04-01-25;05-03-25;"precio es obligatorio y viene nulo."
"La Florida";"Av. Vicua Mackenna 10777";"La Florida";mesa6_restaurant2;restaurant;4;;;mesa_hora;miercoles;10:00;23:00;13-04-25;12-06-25;"precio es obligatorio y viene nulo."
"La Florida";"Av. Vicua Mackenna 10777";"La Florida";mesa7_restaurant2;restaurant;4;;;mesa_hora;martes;10:00;23:00;04-10-25;03-12-25;"precio es obligatorio y viene nulo."
"La Florida";"Av. Vicua Mackenna 10777";"La Florida";mesa8_restaurant2;restaurant;4;;;mesa_hora;martes;10:00;23:00;18-07-24;16-09-24;"precio es obligatorio y viene nulo."
"La Florida";"Av. Vicua Mackenna 10777";"La Florida";Cabana8;cabana;7;"nueve mil";57;dia;lunes;00:00;23:59;2024-01;03-03-24;"precio debe ser un numero."
"La Florida";"Av. Vicua Mackenna 10777";"La Florida";Cabana13;cabana;7;"nueve mil";;dia;miercoles;00:00;23:59;04-03-24;03-05-24;"precio debe ser un numero."
"La Florida";"Av. Vicua Mackenna 10777";"La Florida";Cabana15;cabana;8;"nueve mil";;dia;martes;00:00;23:59;2025-02;20-02-25;"precio debe ser un numero."
"Santa Cruz";"Ramon Sanfurgo 800";"Santa Cruz";mesa1_restaurant1;restaurant;4;;;mesa_hora;martes;10:00;23:00;2025-09;22-11-25;"precio es obligatorio y viene nulo."
"Santa Cruz";"Ramon Sanfurgo 800";"Santa Cruz";mesa2_restaurant1;restaurant;4;;;mesa_hora;miercoles;10:00;23:00;27-10-24;03-11-24;"precio es obligatorio y viene nulo."
"Santa Cruz";"Ramon Sanfurgo 800";"Santa Cruz";mesa3_restaurant1;restaurant;4;;;mesa_hora;viernes;10:00;23:00;09-10-25;08-11-25;"precio es obligatorio y viene nulo."
"Santa Cruz";"Ramon Sanfurgo 800";"Santa Cruz";mesa4_restaurant1;restaurant;4;;;mesa_hora;martes;10:00;23:00;12-03-25;19-03-25;"precio es obligatorio y viene nulo."
"Santa Cruz";"Ramon Sanfurgo 800";"Santa Cruz";mesa5_restaurant1;restaurant;4;;;mesa_hora;sabado;10:00;23:00;23-03-25;06-04-25;"precio es obligatorio y viene nulo."
"Santa Cruz";"Ramon Sanfurgo 800";"Santa Cruz";mesa6_restaurant1;restaurant;4;;;mesa_hora;sabado;10:00;23:00;23-05-25;21-08-25;"precio es obligatorio y viene nulo."
"Santa Cruz";"Ramon Sanfurgo 800";"Santa Cruz";mesa7_restaurant1;restaurant;4;;;mesa_hora;jueves;10:00;23:00;28-10-25;27-12-25;"precio es obligatorio y viene nulo."
"Santa Cruz";"Ramon Sanfurgo 800";"Santa Cruz";mesa8_restaurant1;restaurant;4;;;mesa_hora;jueves;10:00;23:00;19-01-25;26-01-25;"precio es obligatorio y viene nulo."
"Santa Cruz";"Ramon Sanfurgo 800";"Santa Cruz";mesa1_restaurant2;restaurant;4;;;mesa_hora;viernes;10:00;23:00;19-02-25;26-02-25;"precio es obligatorio y viene nulo."
"Santa Cruz";"Ramon Sanfurgo 800";"Santa Cruz";mesa2_restaurant2;restaurant;4;;;mesa_hora;sabado;10:00;23:00;31-01-25;01-04-25;"precio es obligatorio y viene nulo."
"Santa Cruz";"Ramon Sanfurgo 800";"Santa Cruz";mesa3_restaurant2;restaurant;4;;;mesa_hora;sabado;10:00;23:00;25-01-24;01-02-24;"precio es obligatorio y viene nulo."
"Santa Cruz";"Ramon Sanfurgo 800";"Santa Cruz";mesa4_restaurant2;restaurant;4;;;mesa_hora;lunes;10:00;23:00;16-03-24;15-04-24;"precio es obligatorio y viene nulo."
"Santa Cruz";"Ramon Sanfurgo 800";"Santa Cruz";mesa5_restaurant2;restaurant;4;;;mesa_hora;domingo;10:00;23:00;09-05-25;23-05-25;"precio es obligatorio y viene nulo."
"Santa Cruz";"Ramon Sanfurgo 800";"Santa Cruz";mesa6_restaurant2;restaurant;4;;;mesa_hora;miercoles;10:00;23:00;09-04-25;08-06-25;"precio es obligatorio y viene nulo."
"Santa Cruz";"Ramon Sanfurgo 800";"Santa Cruz";mesa7_restaurant2;restaurant;4;;;mesa_hora;martes;10:00;23:00;25-02-25;26-04-25;"precio es obligatorio y viene nulo."
"Santa Cruz";"Ramon Sanfurgo 800";"Santa Cruz";mesa8_restaurant2;restaurant;4;;;mesa_hora;lunes;10:00;23:00;05-07-25;19-07-25;"precio es obligatorio y viene nulo."
